[
  {
    "fields": {
      "client_id": "2016634975290360",
      "key": "",
      "name": "facebook",
      "provider": "facebook",
      "secret": "88c6c29e4b3f05d422ef458583af6b91",
      "sites": [
        1
      ]
    },
    "model": "socialaccount.socialapp",
    "pk": 1
  },
  {
    "fields": {
      "alternate_names": "Schweizerische Eidgenossenschaft,Suíça,Szwajcaria",
      "code2": "CH",
      "code3": "CHE",
      "continent": "EU",
      "geoname_id": 2658434,
      "name": "Switzerland",
      "name_ascii": "Switzerland",
      "phone": "41",
      "slug": "switzerland",
      "status": "ACTIVE",
      "tld": "ch"
    },
    "model": "geo.country",
    "pk": 3
  },
  {
    "fields": {
      "alternate_names": "Espanha,Estado Español,Hiszpania,Kingdom of Spain,Reino de España,Spanien,Spanish State",
      "code2": "ES",
      "code3": "ESP",
      "continent": "EU",
      "geoname_id": 2510769,
      "name": "Spain",
      "name_ascii": "Spain",
      "phone": "34",
      "slug": "spain",
      "status": "ACTIVE",
      "tld": "es"
    },
    "model": "geo.country",
    "pk": 4
  },
  {
    "fields": {
      "alternate_names": "Canton of Geneva,Cantón de Ginebra,Genebra,Genewa,Kanton Genf,Republic and Canton of Geneva,Republik und Kanton Genf",
      "country": 3,
      "display_name": "Geneva, Switzerland",
      "geoname_code": "GE",
      "geoname_id": 2660645,
      "name": "Geneva",
      "name_ascii": "Geneva",
      "slug": "geneva",
      "status": "ACTIVE"
    },
    "model": "geo.region",
    "pk": 71
  },
  {
    "fields": {
      "alternate_names": "Autonome Gemeinschaft Madrid,Autonome Region Madrid,Autonomous Region of Madrid,Community of Madrid,Comunidad Autónoma de Madrid,Comunidad de Madrid,Región de Madrid",
      "country": 4,
      "display_name": "Madrid, Spain",
      "geoname_code": "29",
      "geoname_id": 3117732,
      "name": "Madrid",
      "name_ascii": "Madrid",
      "slug": "madrid",
      "status": "ACTIVE"
    },
    "model": "geo.region",
    "pk": 89
  },
  {
    "fields": {
      "alternate_names": "",
      "country": 3,
      "display_name": "Vernier, Geneva, Switzerland",
      "feature_code": "PPL",
      "geoname_id": 2658154,
      "latitude": "46.21702",
      "longitude": "6.08497",
      "name": "Vernier",
      "name_ascii": "Vernier",
      "population": 30086,
      "region": 71,
      "search_names": "verniercantondeginebraschweizerischeeidgenossenschaft verniercantondeginebrasuica verniercantondeginebraswitzerland verniercantondeginebraszwajcaria verniercantonofgenevaschweizerischeeidgenossenschaft verniercantonofgenevasuica verniercantonofgenevaswitzerland verniercantonofgenevaszwajcaria verniergenebraschweizerischeeidgenossenschaft verniergenebrasuica verniergenebraswitzerland verniergenebraszwajcaria verniergenevaschweizerischeeidgenossenschaft verniergenevasuica verniergenevaswitzerland verniergenevaszwajcaria verniergenewaschweizerischeeidgenossenschaft verniergenewasuica verniergenewaswitzerland verniergenewaszwajcaria vernierkantongenfschweizerischeeidgenossenschaft vernierkantongenfsuica vernierkantongenfswitzerland vernierkantongenfszwajcaria vernierrepublicandcantonofgenevaschweizerischeeidgenossenschaft vernierrepublicandcantonofgenevasuica vernierrepublicandcantonofgenevaswitzerland vernierrepublicandcantonofgenevaszwajcaria vernierrepublikundkantongenfschweizerischeeidgenossenschaft vernierrepublikundkantongenfsuica vernierrepublikundkantongenfswitzerland vernierrepublikundkantongenfszwajcaria vernierschweizerischeeidgenossenschaft verniersuica vernierswitzerland vernierszwajcaria",
      "slug": "vernier",
      "status": "ACTIVE"
    },
    "model": "geo.city",
    "pk": 130
  },
  {
    "fields": {
      "alternate_names": "",
      "country": 3,
      "display_name": "Onex, Geneva, Switzerland",
      "feature_code": "PPL",
      "geoname_id": 2659296,
      "latitude": "46.18396",
      "longitude": "6.10237",
      "name": "Onex",
      "name_ascii": "Onex",
      "population": 17302,
      "region": 71,
      "search_names": "onexcantondeginebraschweizerischeeidgenossenschaft onexcantondeginebrasuica onexcantondeginebraswitzerland onexcantondeginebraszwajcaria onexcantonofgenevaschweizerischeeidgenossenschaft onexcantonofgenevasuica onexcantonofgenevaswitzerland onexcantonofgenevaszwajcaria onexgenebraschweizerischeeidgenossenschaft onexgenebrasuica onexgenebraswitzerland onexgenebraszwajcaria onexgenevaschweizerischeeidgenossenschaft onexgenevasuica onexgenevaswitzerland onexgenevaszwajcaria onexgenewaschweizerischeeidgenossenschaft onexgenewasuica onexgenewaswitzerland onexgenewaszwajcaria onexkantongenfschweizerischeeidgenossenschaft onexkantongenfsuica onexkantongenfswitzerland onexkantongenfszwajcaria onexrepublicandcantonofgenevaschweizerischeeidgenossenschaft onexrepublicandcantonofgenevasuica onexrepublicandcantonofgenevaswitzerland onexrepublicandcantonofgenevaszwajcaria onexrepublikundkantongenfschweizerischeeidgenossenschaft onexrepublikundkantongenfsuica onexrepublikundkantongenfswitzerland onexrepublikundkantongenfszwajcaria onexschweizerischeeidgenossenschaft onexsuica onexswitzerland onexszwajcaria",
      "slug": "onex",
      "status": "ACTIVE"
    },
    "model": "geo.city",
    "pk": 141
  },
  {
    "fields": {
      "alternate_names": "",
      "country": 3,
      "display_name": "Meyrin, Geneva, Switzerland",
      "feature_code": "PPL",
      "geoname_id": 2659667,
      "latitude": "46.23424",
      "longitude": "6.08025",
      "name": "Meyrin",
      "name_ascii": "Meyrin",
      "population": 19772,
      "region": 71,
      "search_names": "meyrincantondeginebraschweizerischeeidgenossenschaft meyrincantondeginebrasuica meyrincantondeginebraswitzerland meyrincantondeginebraszwajcaria meyrincantonofgenevaschweizerischeeidgenossenschaft meyrincantonofgenevasuica meyrincantonofgenevaswitzerland meyrincantonofgenevaszwajcaria meyringenebraschweizerischeeidgenossenschaft meyringenebrasuica meyringenebraswitzerland meyringenebraszwajcaria meyringenevaschweizerischeeidgenossenschaft meyringenevasuica meyringenevaswitzerland meyringenevaszwajcaria meyringenewaschweizerischeeidgenossenschaft meyringenewasuica meyringenewaswitzerland meyringenewaszwajcaria meyrinkantongenfschweizerischeeidgenossenschaft meyrinkantongenfsuica meyrinkantongenfswitzerland meyrinkantongenfszwajcaria meyrinrepublicandcantonofgenevaschweizerischeeidgenossenschaft meyrinrepublicandcantonofgenevasuica meyrinrepublicandcantonofgenevaswitzerland meyrinrepublicandcantonofgenevaszwajcaria meyrinrepublikundkantongenfschweizerischeeidgenossenschaft meyrinrepublikundkantongenfsuica meyrinrepublikundkantongenfswitzerland meyrinrepublikundkantongenfszwajcaria meyrinschweizerischeeidgenossenschaft meyrinsuica meyrinswitzerland meyrinszwajcaria",
      "slug": "meyrin",
      "status": "ACTIVE"
    },
    "model": "geo.city",
    "pk": 148
  },
  {
    "fields": {
      "alternate_names": "Genebra,Geneva,Genewa,Genf,Ginebra",
      "country": 3,
      "display_name": "Genève, Geneva, Switzerland",
      "feature_code": "PPLA",
      "geoname_id": 2660646,
      "latitude": "46.20222",
      "longitude": "6.14569",
      "name": "Genève",
      "name_ascii": "Geneve",
      "population": 183981,
      "region": 71,
      "search_names": "genebracantondeginebraschweizerischeeidgenossenschaft genebracantondeginebrasuica genebracantondeginebraswitzerland genebracantondeginebraszwajcaria genebracantonofgenevaschweizerischeeidgenossenschaft genebracantonofgenevasuica genebracantonofgenevaswitzerland genebracantonofgenevaszwajcaria genebragenebraschweizerischeeidgenossenschaft genebragenebrasuica genebragenebraswitzerland genebragenebraszwajcaria genebragenevaschweizerischeeidgenossenschaft genebragenevasuica genebragenevaswitzerland genebragenevaszwajcaria genebragenewaschweizerischeeidgenossenschaft genebragenewasuica genebragenewaswitzerland genebragenewaszwajcaria genebrakantongenfschweizerischeeidgenossenschaft genebrakantongenfsuica genebrakantongenfswitzerland genebrakantongenfszwajcaria genebrarepublicandcantonofgenevaschweizerischeeidgenossenschaft genebrarepublicandcantonofgenevasuica genebrarepublicandcantonofgenevaswitzerland genebrarepublicandcantonofgenevaszwajcaria genebrarepublikundkantongenfschweizerischeeidgenossenschaft genebrarepublikundkantongenfsuica genebrarepublikundkantongenfswitzerland genebrarepublikundkantongenfszwajcaria genebraschweizerischeeidgenossenschaft genebrasuica genebraswitzerland genebraszwajcaria genevacantondeginebraschweizerischeeidgenossenschaft genevacantondeginebrasuica genevacantondeginebraswitzerland genevacantondeginebraszwajcaria genevacantonofgenevaschweizerischeeidgenossenschaft genevacantonofgenevasuica genevacantonofgenevaswitzerland genevacantonofgenevaszwajcaria genevagenebraschweizerischeeidgenossenschaft genevagenebrasuica genevagenebraswitzerland genevagenebraszwajcaria genevagenevaschweizerischeeidgenossenschaft genevagenevasuica genevagenevaswitzerland genevagenevaszwajcaria genevagenewaschweizerischeeidgenossenschaft genevagenewasuica genevagenewaswitzerland genevagenewaszwajcaria genevakantongenfschweizerischeeidgenossenschaft genevakantongenfsuica genevakantongenfswitzerland genevakantongenfszwajcaria genevarepublicandcantonofgenevaschweizerischeeidgenossenschaft genevarepublicandcantonofgenevasuica genevarepublicandcantonofgenevaswitzerland genevarepublicandcantonofgenevaszwajcaria genevarepublikundkantongenfschweizerischeeidgenossenschaft genevarepublikundkantongenfsuica genevarepublikundkantongenfswitzerland genevarepublikundkantongenfszwajcaria genevaschweizerischeeidgenossenschaft genevasuica genevaswitzerland genevaszwajcaria genevecantondeginebraschweizerischeeidgenossenschaft genevecantondeginebrasuica genevecantondeginebraswitzerland genevecantondeginebraszwajcaria genevecantonofgenevaschweizerischeeidgenossenschaft genevecantonofgenevasuica genevecantonofgenevaswitzerland genevecantonofgenevaszwajcaria genevegenebraschweizerischeeidgenossenschaft genevegenebrasuica genevegenebraswitzerland genevegenebraszwajcaria genevegenevaschweizerischeeidgenossenschaft genevegenevasuica genevegenevaswitzerland genevegenevaszwajcaria genevegenewaschweizerischeeidgenossenschaft genevegenewasuica genevegenewaswitzerland genevegenewaszwajcaria genevekantongenfschweizerischeeidgenossenschaft genevekantongenfsuica genevekantongenfswitzerland genevekantongenfszwajcaria geneverepublicandcantonofgenevaschweizerischeeidgenossenschaft geneverepublicandcantonofgenevasuica geneverepublicandcantonofgenevaswitzerland geneverepublicandcantonofgenevaszwajcaria geneverepublikundkantongenfschweizerischeeidgenossenschaft geneverepublikundkantongenfsuica geneverepublikundkantongenfswitzerland geneverepublikundkantongenfszwajcaria geneveschweizerischeeidgenossenschaft genevesuica geneveswitzerland geneveszwajcaria genewacantondeginebraschweizerischeeidgenossenschaft genewacantondeginebrasuica genewacantondeginebraswitzerland genewacantondeginebraszwajcaria genewacantonofgenevaschweizerischeeidgenossenschaft genewacantonofgenevasuica genewacantonofgenevaswitzerland genewacantonofgenevaszwajcaria genewagenebraschweizerischeeidgenossenschaft genewagenebrasuica genewagenebraswitzerland genewagenebraszwajcaria genewagenevaschweizerischeeidgenossenschaft genewagenevasuica genewagenevaswitzerland genewagenevaszwajcaria genewagenewaschweizerischeeidgenossenschaft genewagenewasuica genewagenewaswitzerland genewagenewaszwajcaria genewakantongenfschweizerischeeidgenossenschaft genewakantongenfsuica genewakantongenfswitzerland genewakantongenfszwajcaria genewarepublicandcantonofgenevaschweizerischeeidgenossenschaft genewarepublicandcantonofgenevasuica genewarepublicandcantonofgenevaswitzerland genewarepublicandcantonofgenevaszwajcaria genewarepublikundkantongenfschweizerischeeidgenossenschaft genewarepublikundkantongenfsuica genewarepublikundkantongenfswitzerland genewarepublikundkantongenfszwajcaria genewaschweizerischeeidgenossenschaft genewasuica genewaswitzerland genewaszwajcaria genfcantondeginebraschweizerischeeidgenossenschaft genfcantondeginebrasuica genfcantondeginebraswitzerland genfcantondeginebraszwajcaria genfcantonofgenevaschweizerischeeidgenossenschaft genfcantonofgenevasuica genfcantonofgenevaswitzerland genfcantonofgenevaszwajcaria genfgenebraschweizerischeeidgenossenschaft genfgenebrasuica genfgenebraswitzerland genfgenebraszwajcaria genfgenevaschweizerischeeidgenossenschaft genfgenevasuica genfgenevaswitzerland genfgenevaszwajcaria genfgenewaschweizerischeeidgenossenschaft genfgenewasuica genfgenewaswitzerland genfgenewaszwajcaria genfkantongenfschweizerischeeidgenossenschaft genfkantongenfsuica genfkantongenfswitzerland genfkantongenfszwajcaria genfrepublicandcantonofgenevaschweizerischeeidgenossenschaft genfrepublicandcantonofgenevasuica genfrepublicandcantonofgenevaswitzerland genfrepublicandcantonofgenevaszwajcaria genfrepublikundkantongenfschweizerischeeidgenossenschaft genfrepublikundkantongenfsuica genfrepublikundkantongenfswitzerland genfrepublikundkantongenfszwajcaria genfschweizerischeeidgenossenschaft genfsuica genfswitzerland genfszwajcaria ginebracantondeginebraschweizerischeeidgenossenschaft ginebracantondeginebrasuica ginebracantondeginebraswitzerland ginebracantondeginebraszwajcaria ginebracantonofgenevaschweizerischeeidgenossenschaft ginebracantonofgenevasuica ginebracantonofgenevaswitzerland ginebracantonofgenevaszwajcaria ginebragenebraschweizerischeeidgenossenschaft ginebragenebrasuica ginebragenebraswitzerland ginebragenebraszwajcaria ginebragenevaschweizerischeeidgenossenschaft ginebragenevasuica ginebragenevaswitzerland ginebragenevaszwajcaria ginebragenewaschweizerischeeidgenossenschaft ginebragenewasuica ginebragenewaswitzerland ginebragenewaszwajcaria ginebrakantongenfschweizerischeeidgenossenschaft ginebrakantongenfsuica ginebrakantongenfswitzerland ginebrakantongenfszwajcaria ginebrarepublicandcantonofgenevaschweizerischeeidgenossenschaft ginebrarepublicandcantonofgenevasuica ginebrarepublicandcantonofgenevaswitzerland ginebrarepublicandcantonofgenevaszwajcaria ginebrarepublikundkantongenfschweizerischeeidgenossenschaft ginebrarepublikundkantongenfsuica ginebrarepublikundkantongenfswitzerland ginebrarepublikundkantongenfszwajcaria ginebraschweizerischeeidgenossenschaft ginebrasuica ginebraswitzerland ginebraszwajcaria",
      "slug": "geneve",
      "status": "ACTIVE"
    },
    "model": "geo.city",
    "pk": 164
  },
  {
    "fields": {
      "alternate_names": "",
      "country": 3,
      "display_name": "Carouge, Geneva, Switzerland",
      "feature_code": "PPL",
      "geoname_id": 2661265,
      "latitude": "46.18096",
      "longitude": "6.13921",
      "name": "Carouge",
      "name_ascii": "Carouge",
      "population": 19344,
      "region": 71,
      "search_names": "carougecantondeginebraschweizerischeeidgenossenschaft carougecantondeginebrasuica carougecantondeginebraswitzerland carougecantondeginebraszwajcaria carougecantonofgenevaschweizerischeeidgenossenschaft carougecantonofgenevasuica carougecantonofgenevaswitzerland carougecantonofgenevaszwajcaria carougegenebraschweizerischeeidgenossenschaft carougegenebrasuica carougegenebraswitzerland carougegenebraszwajcaria carougegenevaschweizerischeeidgenossenschaft carougegenevasuica carougegenevaswitzerland carougegenevaszwajcaria carougegenewaschweizerischeeidgenossenschaft carougegenewasuica carougegenewaswitzerland carougegenewaszwajcaria carougekantongenfschweizerischeeidgenossenschaft carougekantongenfsuica carougekantongenfswitzerland carougekantongenfszwajcaria carougerepublicandcantonofgenevaschweizerischeeidgenossenschaft carougerepublicandcantonofgenevasuica carougerepublicandcantonofgenevaswitzerland carougerepublicandcantonofgenevaszwajcaria carougerepublikundkantongenfschweizerischeeidgenossenschaft carougerepublikundkantongenfsuica carougerepublikundkantongenfswitzerland carougerepublikundkantongenfszwajcaria carougeschweizerischeeidgenossenschaft carougesuica carougeswitzerland carougeszwajcaria",
      "slug": "carouge",
      "status": "ACTIVE"
    },
    "model": "geo.city",
    "pk": 171
  },
  {
    "fields": {
      "alternate_names": "",
      "country": 4,
      "display_name": "Villaviciosa de Odón, Madrid, Spain",
      "feature_code": "PPLA3",
      "geoname_id": 3104703,
      "latitude": "40.35692",
      "longitude": "-3.90011",
      "name": "Villaviciosa de Odón",
      "name_ascii": "Villaviciosa de Odon",
      "population": 26475,
      "region": 89,
      "search_names": "villaviciosadeodonautonomegemeinschaftmadridespanha villaviciosadeodonautonomegemeinschaftmadridestadoespanol villaviciosadeodonautonomegemeinschaftmadridhiszpania villaviciosadeodonautonomegemeinschaftmadridkingdomofspain villaviciosadeodonautonomegemeinschaftmadridreinodeespana villaviciosadeodonautonomegemeinschaftmadridspain villaviciosadeodonautonomegemeinschaftmadridspanien villaviciosadeodonautonomegemeinschaftmadridspanishstate villaviciosadeodonautonomeregionmadridespanha villaviciosadeodonautonomeregionmadridestadoespanol villaviciosadeodonautonomeregionmadridhiszpania villaviciosadeodonautonomeregionmadridkingdomofspain villaviciosadeodonautonomeregionmadridreinodeespana villaviciosadeodonautonomeregionmadridspain villaviciosadeodonautonomeregionmadridspanien villaviciosadeodonautonomeregionmadridspanishstate villaviciosadeodonautonomousregionofmadridespanha villaviciosadeodonautonomousregionofmadridestadoespanol villaviciosadeodonautonomousregionofmadridhiszpania villaviciosadeodonautonomousregionofmadridkingdomofspain villaviciosadeodonautonomousregionofmadridreinodeespana villaviciosadeodonautonomousregionofmadridspain villaviciosadeodonautonomousregionofmadridspanien villaviciosadeodonautonomousregionofmadridspanishstate villaviciosadeodoncommunityofmadridespanha villaviciosadeodoncommunityofmadridestadoespanol villaviciosadeodoncommunityofmadridhiszpania villaviciosadeodoncommunityofmadridkingdomofspain villaviciosadeodoncommunityofmadridreinodeespana villaviciosadeodoncommunityofmadridspain villaviciosadeodoncommunityofmadridspanien villaviciosadeodoncommunityofmadridspanishstate villaviciosadeodoncomunidadautonomademadridespanha villaviciosadeodoncomunidadautonomademadridestadoespanol villaviciosadeodoncomunidadautonomademadridhiszpania villaviciosadeodoncomunidadautonomademadridkingdomofspain villaviciosadeodoncomunidadautonomademadridreinodeespana villaviciosadeodoncomunidadautonomademadridspain villaviciosadeodoncomunidadautonomademadridspanien villaviciosadeodoncomunidadautonomademadridspanishstate villaviciosadeodoncomunidaddemadridespanha villaviciosadeodoncomunidaddemadridestadoespanol villaviciosadeodoncomunidaddemadridhiszpania villaviciosadeodoncomunidaddemadridkingdomofspain villaviciosadeodoncomunidaddemadridreinodeespana villaviciosadeodoncomunidaddemadridspain villaviciosadeodoncomunidaddemadridspanien villaviciosadeodoncomunidaddemadridspanishstate villaviciosadeodonespanha villaviciosadeodonestadoespanol villaviciosadeodonhiszpania villaviciosadeodonkingdomofspain villaviciosadeodonmadridespanha villaviciosadeodonmadridestadoespanol villaviciosadeodonmadridhiszpania villaviciosadeodonmadridkingdomofspain villaviciosadeodonmadridreinodeespana villaviciosadeodonmadridspain villaviciosadeodonmadridspanien villaviciosadeodonmadridspanishstate villaviciosadeodonregiondemadridespanha villaviciosadeodonregiondemadridestadoespanol villaviciosadeodonregiondemadridhiszpania villaviciosadeodonregiondemadridkingdomofspain villaviciosadeodonregiondemadridreinodeespana villaviciosadeodonregiondemadridspain villaviciosadeodonregiondemadridspanien villaviciosadeodonregiondemadridspanishstate villaviciosadeodonreinodeespana villaviciosadeodonspain villaviciosadeodonspanien villaviciosadeodonspanishstate",
      "slug": "villaviciosa-de-odon",
      "status": "ACTIVE"
    },
    "model": "geo.city",
    "pk": 470
  },
  {
    "fields": {
      "alternate_names": "",
      "country": 4,
      "display_name": "Villanueva del Pardillo, Madrid, Spain",
      "feature_code": "PPLA3",
      "geoname_id": 3105214,
      "latitude": "40.49014",
      "longitude": "-3.96383",
      "name": "Villanueva del Pardillo",
      "name_ascii": "Villanueva del Pardillo",
      "population": 15087,
      "region": 89,
      "search_names": "villanuevadelpardilloautonomegemeinschaftmadridespanha villanuevadelpardilloautonomegemeinschaftmadridestadoespanol villanuevadelpardilloautonomegemeinschaftmadridhiszpania villanuevadelpardilloautonomegemeinschaftmadridkingdomofspain villanuevadelpardilloautonomegemeinschaftmadridreinodeespana villanuevadelpardilloautonomegemeinschaftmadridspain villanuevadelpardilloautonomegemeinschaftmadridspanien villanuevadelpardilloautonomegemeinschaftmadridspanishstate villanuevadelpardilloautonomeregionmadridespanha villanuevadelpardilloautonomeregionmadridestadoespanol villanuevadelpardilloautonomeregionmadridhiszpania villanuevadelpardilloautonomeregionmadridkingdomofspain villanuevadelpardilloautonomeregionmadridreinodeespana villanuevadelpardilloautonomeregionmadridspain villanuevadelpardilloautonomeregionmadridspanien villanuevadelpardilloautonomeregionmadridspanishstate villanuevadelpardilloautonomousregionofmadridespanha villanuevadelpardilloautonomousregionofmadridestadoespanol villanuevadelpardilloautonomousregionofmadridhiszpania villanuevadelpardilloautonomousregionofmadridkingdomofspain villanuevadelpardilloautonomousregionofmadridreinodeespana villanuevadelpardilloautonomousregionofmadridspain villanuevadelpardilloautonomousregionofmadridspanien villanuevadelpardilloautonomousregionofmadridspanishstate villanuevadelpardillocommunityofmadridespanha villanuevadelpardillocommunityofmadridestadoespanol villanuevadelpardillocommunityofmadridhiszpania villanuevadelpardillocommunityofmadridkingdomofspain villanuevadelpardillocommunityofmadridreinodeespana villanuevadelpardillocommunityofmadridspain villanuevadelpardillocommunityofmadridspanien villanuevadelpardillocommunityofmadridspanishstate villanuevadelpardillocomunidadautonomademadridespanha villanuevadelpardillocomunidadautonomademadridestadoespanol villanuevadelpardillocomunidadautonomademadridhiszpania villanuevadelpardillocomunidadautonomademadridkingdomofspain villanuevadelpardillocomunidadautonomademadridreinodeespana villanuevadelpardillocomunidadautonomademadridspain villanuevadelpardillocomunidadautonomademadridspanien villanuevadelpardillocomunidadautonomademadridspanishstate villanuevadelpardillocomunidaddemadridespanha villanuevadelpardillocomunidaddemadridestadoespanol villanuevadelpardillocomunidaddemadridhiszpania villanuevadelpardillocomunidaddemadridkingdomofspain villanuevadelpardillocomunidaddemadridreinodeespana villanuevadelpardillocomunidaddemadridspain villanuevadelpardillocomunidaddemadridspanien villanuevadelpardillocomunidaddemadridspanishstate villanuevadelpardilloespanha villanuevadelpardilloestadoespanol villanuevadelpardillohiszpania villanuevadelpardillokingdomofspain villanuevadelpardillomadridespanha villanuevadelpardillomadridestadoespanol villanuevadelpardillomadridhiszpania villanuevadelpardillomadridkingdomofspain villanuevadelpardillomadridreinodeespana villanuevadelpardillomadridspain villanuevadelpardillomadridspanien villanuevadelpardillomadridspanishstate villanuevadelpardilloregiondemadridespanha villanuevadelpardilloregiondemadridestadoespanol villanuevadelpardilloregiondemadridhiszpania villanuevadelpardilloregiondemadridkingdomofspain villanuevadelpardilloregiondemadridreinodeespana villanuevadelpardilloregiondemadridspain villanuevadelpardilloregiondemadridspanien villanuevadelpardilloregiondemadridspanishstate villanuevadelpardilloreinodeespana villanuevadelpardillospain villanuevadelpardillospanien villanuevadelpardillospanishstate",
      "slug": "villanueva-del-pardillo",
      "status": "ACTIVE"
    },
    "model": "geo.city",
    "pk": 473
  },
  {
    "fields": {
      "alternate_names": "",
      "country": 4,
      "display_name": "Villanueva de la Cañada, Madrid, Spain",
      "feature_code": "PPLA3",
      "geoname_id": 3105247,
      "latitude": "40.44689",
      "longitude": "-4.00428",
      "name": "Villanueva de la Cañada",
      "name_ascii": "Villanueva de la Canada",
      "population": 16804,
      "region": 89,
      "search_names": "villanuevadelacanadaautonomegemeinschaftmadridespanha villanuevadelacanadaautonomegemeinschaftmadridestadoespanol villanuevadelacanadaautonomegemeinschaftmadridhiszpania villanuevadelacanadaautonomegemeinschaftmadridkingdomofspain villanuevadelacanadaautonomegemeinschaftmadridreinodeespana villanuevadelacanadaautonomegemeinschaftmadridspain villanuevadelacanadaautonomegemeinschaftmadridspanien villanuevadelacanadaautonomegemeinschaftmadridspanishstate villanuevadelacanadaautonomeregionmadridespanha villanuevadelacanadaautonomeregionmadridestadoespanol villanuevadelacanadaautonomeregionmadridhiszpania villanuevadelacanadaautonomeregionmadridkingdomofspain villanuevadelacanadaautonomeregionmadridreinodeespana villanuevadelacanadaautonomeregionmadridspain villanuevadelacanadaautonomeregionmadridspanien villanuevadelacanadaautonomeregionmadridspanishstate villanuevadelacanadaautonomousregionofmadridespanha villanuevadelacanadaautonomousregionofmadridestadoespanol villanuevadelacanadaautonomousregionofmadridhiszpania villanuevadelacanadaautonomousregionofmadridkingdomofspain villanuevadelacanadaautonomousregionofmadridreinodeespana villanuevadelacanadaautonomousregionofmadridspain villanuevadelacanadaautonomousregionofmadridspanien villanuevadelacanadaautonomousregionofmadridspanishstate villanuevadelacanadacommunityofmadridespanha villanuevadelacanadacommunityofmadridestadoespanol villanuevadelacanadacommunityofmadridhiszpania villanuevadelacanadacommunityofmadridkingdomofspain villanuevadelacanadacommunityofmadridreinodeespana villanuevadelacanadacommunityofmadridspain villanuevadelacanadacommunityofmadridspanien villanuevadelacanadacommunityofmadridspanishstate villanuevadelacanadacomunidadautonomademadridespanha villanuevadelacanadacomunidadautonomademadridestadoespanol villanuevadelacanadacomunidadautonomademadridhiszpania villanuevadelacanadacomunidadautonomademadridkingdomofspain villanuevadelacanadacomunidadautonomademadridreinodeespana villanuevadelacanadacomunidadautonomademadridspain villanuevadelacanadacomunidadautonomademadridspanien villanuevadelacanadacomunidadautonomademadridspanishstate villanuevadelacanadacomunidaddemadridespanha villanuevadelacanadacomunidaddemadridestadoespanol villanuevadelacanadacomunidaddemadridhiszpania villanuevadelacanadacomunidaddemadridkingdomofspain villanuevadelacanadacomunidaddemadridreinodeespana villanuevadelacanadacomunidaddemadridspain villanuevadelacanadacomunidaddemadridspanien villanuevadelacanadacomunidaddemadridspanishstate villanuevadelacanadaespanha villanuevadelacanadaestadoespanol villanuevadelacanadahiszpania villanuevadelacanadakingdomofspain villanuevadelacanadamadridespanha villanuevadelacanadamadridestadoespanol villanuevadelacanadamadridhiszpania villanuevadelacanadamadridkingdomofspain villanuevadelacanadamadridreinodeespana villanuevadelacanadamadridspain villanuevadelacanadamadridspanien villanuevadelacanadamadridspanishstate villanuevadelacanadaregiondemadridespanha villanuevadelacanadaregiondemadridestadoespanol villanuevadelacanadaregiondemadridhiszpania villanuevadelacanadaregiondemadridkingdomofspain villanuevadelacanadaregiondemadridreinodeespana villanuevadelacanadaregiondemadridspain villanuevadelacanadaregiondemadridspanien villanuevadelacanadaregiondemadridspanishstate villanuevadelacanadareinodeespana villanuevadelacanadaspain villanuevadelacanadaspanien villanuevadelacanadaspanishstate",
      "slug": "villanueva-de-la-canada",
      "status": "ACTIVE"
    },
    "model": "geo.city",
    "pk": 474
  },
  {
    "fields": {
      "alternate_names": "",
      "country": 4,
      "display_name": "Valdemoro, Madrid, Spain",
      "feature_code": "PPLA3",
      "geoname_id": 3106868,
      "latitude": "40.19081",
      "longitude": "-3.67887",
      "name": "Valdemoro",
      "name_ascii": "Valdemoro",
      "population": 62750,
      "region": 89,
      "search_names": "valdemoroautonomegemeinschaftmadridespanha valdemoroautonomegemeinschaftmadridestadoespanol valdemoroautonomegemeinschaftmadridhiszpania valdemoroautonomegemeinschaftmadridkingdomofspain valdemoroautonomegemeinschaftmadridreinodeespana valdemoroautonomegemeinschaftmadridspain valdemoroautonomegemeinschaftmadridspanien valdemoroautonomegemeinschaftmadridspanishstate valdemoroautonomeregionmadridespanha valdemoroautonomeregionmadridestadoespanol valdemoroautonomeregionmadridhiszpania valdemoroautonomeregionmadridkingdomofspain valdemoroautonomeregionmadridreinodeespana valdemoroautonomeregionmadridspain valdemoroautonomeregionmadridspanien valdemoroautonomeregionmadridspanishstate valdemoroautonomousregionofmadridespanha valdemoroautonomousregionofmadridestadoespanol valdemoroautonomousregionofmadridhiszpania valdemoroautonomousregionofmadridkingdomofspain valdemoroautonomousregionofmadridreinodeespana valdemoroautonomousregionofmadridspain valdemoroautonomousregionofmadridspanien valdemoroautonomousregionofmadridspanishstate valdemorocommunityofmadridespanha valdemorocommunityofmadridestadoespanol valdemorocommunityofmadridhiszpania valdemorocommunityofmadridkingdomofspain valdemorocommunityofmadridreinodeespana valdemorocommunityofmadridspain valdemorocommunityofmadridspanien valdemorocommunityofmadridspanishstate valdemorocomunidadautonomademadridespanha valdemorocomunidadautonomademadridestadoespanol valdemorocomunidadautonomademadridhiszpania valdemorocomunidadautonomademadridkingdomofspain valdemorocomunidadautonomademadridreinodeespana valdemorocomunidadautonomademadridspain valdemorocomunidadautonomademadridspanien valdemorocomunidadautonomademadridspanishstate valdemorocomunidaddemadridespanha valdemorocomunidaddemadridestadoespanol valdemorocomunidaddemadridhiszpania valdemorocomunidaddemadridkingdomofspain valdemorocomunidaddemadridreinodeespana valdemorocomunidaddemadridspain valdemorocomunidaddemadridspanien valdemorocomunidaddemadridspanishstate valdemoroespanha valdemoroestadoespanol valdemorohiszpania valdemorokingdomofspain valdemoromadridespanha valdemoromadridestadoespanol valdemoromadridhiszpania valdemoromadridkingdomofspain valdemoromadridreinodeespana valdemoromadridspain valdemoromadridspanien valdemoromadridspanishstate valdemororegiondemadridespanha valdemororegiondemadridestadoespanol valdemororegiondemadridhiszpania valdemororegiondemadridkingdomofspain valdemororegiondemadridreinodeespana valdemororegiondemadridspain valdemororegiondemadridspanien valdemororegiondemadridspanishstate valdemororeinodeespana valdemorospain valdemorospanien valdemorospanishstate",
      "slug": "valdemoro",
      "status": "ACTIVE"
    },
    "model": "geo.city",
    "pk": 486
  },
  {
    "fields": {
      "alternate_names": "",
      "country": 4,
      "display_name": "Rivas-Vaciamadrid, Madrid, Spain",
      "feature_code": "PPL",
      "geoname_id": 3107112,
      "latitude": "40.32605",
      "longitude": "-3.51089",
      "name": "Rivas-Vaciamadrid",
      "name_ascii": "Rivas-Vaciamadrid",
      "population": 68405,
      "region": 89,
      "search_names": "rivasvaciamadridautonomegemeinschaftmadridespanha rivasvaciamadridautonomegemeinschaftmadridestadoespanol rivasvaciamadridautonomegemeinschaftmadridhiszpania rivasvaciamadridautonomegemeinschaftmadridkingdomofspain rivasvaciamadridautonomegemeinschaftmadridreinodeespana rivasvaciamadridautonomegemeinschaftmadridspain rivasvaciamadridautonomegemeinschaftmadridspanien rivasvaciamadridautonomegemeinschaftmadridspanishstate rivasvaciamadridautonomeregionmadridespanha rivasvaciamadridautonomeregionmadridestadoespanol rivasvaciamadridautonomeregionmadridhiszpania rivasvaciamadridautonomeregionmadridkingdomofspain rivasvaciamadridautonomeregionmadridreinodeespana rivasvaciamadridautonomeregionmadridspain rivasvaciamadridautonomeregionmadridspanien rivasvaciamadridautonomeregionmadridspanishstate rivasvaciamadridautonomousregionofmadridespanha rivasvaciamadridautonomousregionofmadridestadoespanol rivasvaciamadridautonomousregionofmadridhiszpania rivasvaciamadridautonomousregionofmadridkingdomofspain rivasvaciamadridautonomousregionofmadridreinodeespana rivasvaciamadridautonomousregionofmadridspain rivasvaciamadridautonomousregionofmadridspanien rivasvaciamadridautonomousregionofmadridspanishstate rivasvaciamadridcommunityofmadridespanha rivasvaciamadridcommunityofmadridestadoespanol rivasvaciamadridcommunityofmadridhiszpania rivasvaciamadridcommunityofmadridkingdomofspain rivasvaciamadridcommunityofmadridreinodeespana rivasvaciamadridcommunityofmadridspain rivasvaciamadridcommunityofmadridspanien rivasvaciamadridcommunityofmadridspanishstate rivasvaciamadridcomunidadautonomademadridespanha rivasvaciamadridcomunidadautonomademadridestadoespanol rivasvaciamadridcomunidadautonomademadridhiszpania rivasvaciamadridcomunidadautonomademadridkingdomofspain rivasvaciamadridcomunidadautonomademadridreinodeespana rivasvaciamadridcomunidadautonomademadridspain rivasvaciamadridcomunidadautonomademadridspanien rivasvaciamadridcomunidadautonomademadridspanishstate rivasvaciamadridcomunidaddemadridespanha rivasvaciamadridcomunidaddemadridestadoespanol rivasvaciamadridcomunidaddemadridhiszpania rivasvaciamadridcomunidaddemadridkingdomofspain rivasvaciamadridcomunidaddemadridreinodeespana rivasvaciamadridcomunidaddemadridspain rivasvaciamadridcomunidaddemadridspanien rivasvaciamadridcomunidaddemadridspanishstate rivasvaciamadridespanha rivasvaciamadridestadoespanol rivasvaciamadridhiszpania rivasvaciamadridkingdomofspain rivasvaciamadridmadridespanha rivasvaciamadridmadridestadoespanol rivasvaciamadridmadridhiszpania rivasvaciamadridmadridkingdomofspain rivasvaciamadridmadridreinodeespana rivasvaciamadridmadridspain rivasvaciamadridmadridspanien rivasvaciamadridmadridspanishstate rivasvaciamadridregiondemadridespanha rivasvaciamadridregiondemadridestadoespanol rivasvaciamadridregiondemadridhiszpania rivasvaciamadridregiondemadridkingdomofspain rivasvaciamadridregiondemadridreinodeespana rivasvaciamadridregiondemadridspain rivasvaciamadridregiondemadridspanien rivasvaciamadridregiondemadridspanishstate rivasvaciamadridreinodeespana rivasvaciamadridspain rivasvaciamadridspanien rivasvaciamadridspanishstate",
      "slug": "rivas-vaciamadrid",
      "status": "ACTIVE"
    },
    "model": "geo.city",
    "pk": 487
  },
  {
    "fields": {
      "alternate_names": "",
      "country": 4,
      "display_name": "Torrelodones, Madrid, Spain",
      "feature_code": "PPLA3",
      "geoname_id": 3107765,
      "latitude": "40.57654",
      "longitude": "-3.92658",
      "name": "Torrelodones",
      "name_ascii": "Torrelodones",
      "population": 21781,
      "region": 89,
      "search_names": "torrelodonesautonomegemeinschaftmadridespanha torrelodonesautonomegemeinschaftmadridestadoespanol torrelodonesautonomegemeinschaftmadridhiszpania torrelodonesautonomegemeinschaftmadridkingdomofspain torrelodonesautonomegemeinschaftmadridreinodeespana torrelodonesautonomegemeinschaftmadridspain torrelodonesautonomegemeinschaftmadridspanien torrelodonesautonomegemeinschaftmadridspanishstate torrelodonesautonomeregionmadridespanha torrelodonesautonomeregionmadridestadoespanol torrelodonesautonomeregionmadridhiszpania torrelodonesautonomeregionmadridkingdomofspain torrelodonesautonomeregionmadridreinodeespana torrelodonesautonomeregionmadridspain torrelodonesautonomeregionmadridspanien torrelodonesautonomeregionmadridspanishstate torrelodonesautonomousregionofmadridespanha torrelodonesautonomousregionofmadridestadoespanol torrelodonesautonomousregionofmadridhiszpania torrelodonesautonomousregionofmadridkingdomofspain torrelodonesautonomousregionofmadridreinodeespana torrelodonesautonomousregionofmadridspain torrelodonesautonomousregionofmadridspanien torrelodonesautonomousregionofmadridspanishstate torrelodonescommunityofmadridespanha torrelodonescommunityofmadridestadoespanol torrelodonescommunityofmadridhiszpania torrelodonescommunityofmadridkingdomofspain torrelodonescommunityofmadridreinodeespana torrelodonescommunityofmadridspain torrelodonescommunityofmadridspanien torrelodonescommunityofmadridspanishstate torrelodonescomunidadautonomademadridespanha torrelodonescomunidadautonomademadridestadoespanol torrelodonescomunidadautonomademadridhiszpania torrelodonescomunidadautonomademadridkingdomofspain torrelodonescomunidadautonomademadridreinodeespana torrelodonescomunidadautonomademadridspain torrelodonescomunidadautonomademadridspanien torrelodonescomunidadautonomademadridspanishstate torrelodonescomunidaddemadridespanha torrelodonescomunidaddemadridestadoespanol torrelodonescomunidaddemadridhiszpania torrelodonescomunidaddemadridkingdomofspain torrelodonescomunidaddemadridreinodeespana torrelodonescomunidaddemadridspain torrelodonescomunidaddemadridspanien torrelodonescomunidaddemadridspanishstate torrelodonesespanha torrelodonesestadoespanol torrelodoneshiszpania torrelodoneskingdomofspain torrelodonesmadridespanha torrelodonesmadridestadoespanol torrelodonesmadridhiszpania torrelodonesmadridkingdomofspain torrelodonesmadridreinodeespana torrelodonesmadridspain torrelodonesmadridspanien torrelodonesmadridspanishstate torrelodonesregiondemadridespanha torrelodonesregiondemadridestadoespanol torrelodonesregiondemadridhiszpania torrelodonesregiondemadridkingdomofspain torrelodonesregiondemadridreinodeespana torrelodonesregiondemadridspain torrelodonesregiondemadridspanien torrelodonesregiondemadridspanishstate torrelodonesreinodeespana torrelodonesspain torrelodonesspanien torrelodonesspanishstate",
      "slug": "torrelodones",
      "status": "ACTIVE"
    },
    "model": "geo.city",
    "pk": 492
  },
  {
    "fields": {
      "alternate_names": "",
      "country": 4,
      "display_name": "Torrejón de Ardoz, Madrid, Spain",
      "feature_code": "PPLA3",
      "geoname_id": 3107784,
      "latitude": "40.45535",
      "longitude": "-3.46973",
      "name": "Torrejón de Ardoz",
      "name_ascii": "Torrejon de Ardoz",
      "population": 118162,
      "region": 89,
      "search_names": "torrejondeardozautonomegemeinschaftmadridespanha torrejondeardozautonomegemeinschaftmadridestadoespanol torrejondeardozautonomegemeinschaftmadridhiszpania torrejondeardozautonomegemeinschaftmadridkingdomofspain torrejondeardozautonomegemeinschaftmadridreinodeespana torrejondeardozautonomegemeinschaftmadridspain torrejondeardozautonomegemeinschaftmadridspanien torrejondeardozautonomegemeinschaftmadridspanishstate torrejondeardozautonomeregionmadridespanha torrejondeardozautonomeregionmadridestadoespanol torrejondeardozautonomeregionmadridhiszpania torrejondeardozautonomeregionmadridkingdomofspain torrejondeardozautonomeregionmadridreinodeespana torrejondeardozautonomeregionmadridspain torrejondeardozautonomeregionmadridspanien torrejondeardozautonomeregionmadridspanishstate torrejondeardozautonomousregionofmadridespanha torrejondeardozautonomousregionofmadridestadoespanol torrejondeardozautonomousregionofmadridhiszpania torrejondeardozautonomousregionofmadridkingdomofspain torrejondeardozautonomousregionofmadridreinodeespana torrejondeardozautonomousregionofmadridspain torrejondeardozautonomousregionofmadridspanien torrejondeardozautonomousregionofmadridspanishstate torrejondeardozcommunityofmadridespanha torrejondeardozcommunityofmadridestadoespanol torrejondeardozcommunityofmadridhiszpania torrejondeardozcommunityofmadridkingdomofspain torrejondeardozcommunityofmadridreinodeespana torrejondeardozcommunityofmadridspain torrejondeardozcommunityofmadridspanien torrejondeardozcommunityofmadridspanishstate torrejondeardozcomunidadautonomademadridespanha torrejondeardozcomunidadautonomademadridestadoespanol torrejondeardozcomunidadautonomademadridhiszpania torrejondeardozcomunidadautonomademadridkingdomofspain torrejondeardozcomunidadautonomademadridreinodeespana torrejondeardozcomunidadautonomademadridspain torrejondeardozcomunidadautonomademadridspanien torrejondeardozcomunidadautonomademadridspanishstate torrejondeardozcomunidaddemadridespanha torrejondeardozcomunidaddemadridestadoespanol torrejondeardozcomunidaddemadridhiszpania torrejondeardozcomunidaddemadridkingdomofspain torrejondeardozcomunidaddemadridreinodeespana torrejondeardozcomunidaddemadridspain torrejondeardozcomunidaddemadridspanien torrejondeardozcomunidaddemadridspanishstate torrejondeardozespanha torrejondeardozestadoespanol torrejondeardozhiszpania torrejondeardozkingdomofspain torrejondeardozmadridespanha torrejondeardozmadridestadoespanol torrejondeardozmadridhiszpania torrejondeardozmadridkingdomofspain torrejondeardozmadridreinodeespana torrejondeardozmadridspain torrejondeardozmadridspanien torrejondeardozmadridspanishstate torrejondeardozregiondemadridespanha torrejondeardozregiondemadridestadoespanol torrejondeardozregiondemadridhiszpania torrejondeardozregiondemadridkingdomofspain torrejondeardozregiondemadridreinodeespana torrejondeardozregiondemadridspain torrejondeardozregiondemadridspanien torrejondeardozregiondemadridspanishstate torrejondeardozreinodeespana torrejondeardozspain torrejondeardozspanien torrejondeardozspanishstate",
      "slug": "torrejon-de-ardoz",
      "status": "ACTIVE"
    },
    "model": "geo.city",
    "pk": 494
  },
  {
    "fields": {
      "alternate_names": "S.S. de los Reyes,SS de los Reyes",
      "country": 4,
      "display_name": "San Sebastián de los Reyes, Madrid, Spain",
      "feature_code": "PPLA3",
      "geoname_id": 3110040,
      "latitude": "40.55555",
      "longitude": "-3.62733",
      "name": "San Sebastián de los Reyes",
      "name_ascii": "San Sebastian de los Reyes",
      "population": 75912,
      "region": 89,
      "search_names": "sansebastiandelosreyesautonomegemeinschaftmadridespanha sansebastiandelosreyesautonomegemeinschaftmadridestadoespanol sansebastiandelosreyesautonomegemeinschaftmadridhiszpania sansebastiandelosreyesautonomegemeinschaftmadridkingdomofspain sansebastiandelosreyesautonomegemeinschaftmadridreinodeespana sansebastiandelosreyesautonomegemeinschaftmadridspain sansebastiandelosreyesautonomegemeinschaftmadridspanien sansebastiandelosreyesautonomegemeinschaftmadridspanishstate sansebastiandelosreyesautonomeregionmadridespanha sansebastiandelosreyesautonomeregionmadridestadoespanol sansebastiandelosreyesautonomeregionmadridhiszpania sansebastiandelosreyesautonomeregionmadridkingdomofspain sansebastiandelosreyesautonomeregionmadridreinodeespana sansebastiandelosreyesautonomeregionmadridspain sansebastiandelosreyesautonomeregionmadridspanien sansebastiandelosreyesautonomeregionmadridspanishstate sansebastiandelosreyesautonomousregionofmadridespanha sansebastiandelosreyesautonomousregionofmadridestadoespanol sansebastiandelosreyesautonomousregionofmadridhiszpania sansebastiandelosreyesautonomousregionofmadridkingdomofspain sansebastiandelosreyesautonomousregionofmadridreinodeespana sansebastiandelosreyesautonomousregionofmadridspain sansebastiandelosreyesautonomousregionofmadridspanien sansebastiandelosreyesautonomousregionofmadridspanishstate sansebastiandelosreyescommunityofmadridespanha sansebastiandelosreyescommunityofmadridestadoespanol sansebastiandelosreyescommunityofmadridhiszpania sansebastiandelosreyescommunityofmadridkingdomofspain sansebastiandelosreyescommunityofmadridreinodeespana sansebastiandelosreyescommunityofmadridspain sansebastiandelosreyescommunityofmadridspanien sansebastiandelosreyescommunityofmadridspanishstate sansebastiandelosreyescomunidadautonomademadridespanha sansebastiandelosreyescomunidadautonomademadridestadoespanol sansebastiandelosreyescomunidadautonomademadridhiszpania sansebastiandelosreyescomunidadautonomademadridkingdomofspain sansebastiandelosreyescomunidadautonomademadridreinodeespana sansebastiandelosreyescomunidadautonomademadridspain sansebastiandelosreyescomunidadautonomademadridspanien sansebastiandelosreyescomunidadautonomademadridspanishstate sansebastiandelosreyescomunidaddemadridespanha sansebastiandelosreyescomunidaddemadridestadoespanol sansebastiandelosreyescomunidaddemadridhiszpania sansebastiandelosreyescomunidaddemadridkingdomofspain sansebastiandelosreyescomunidaddemadridreinodeespana sansebastiandelosreyescomunidaddemadridspain sansebastiandelosreyescomunidaddemadridspanien sansebastiandelosreyescomunidaddemadridspanishstate sansebastiandelosreyesespanha sansebastiandelosreyesestadoespanol sansebastiandelosreyeshiszpania sansebastiandelosreyeskingdomofspain sansebastiandelosreyesmadridespanha sansebastiandelosreyesmadridestadoespanol sansebastiandelosreyesmadridhiszpania sansebastiandelosreyesmadridkingdomofspain sansebastiandelosreyesmadridreinodeespana sansebastiandelosreyesmadridspain sansebastiandelosreyesmadridspanien sansebastiandelosreyesmadridspanishstate sansebastiandelosreyesregiondemadridespanha sansebastiandelosreyesregiondemadridestadoespanol sansebastiandelosreyesregiondemadridhiszpania sansebastiandelosreyesregiondemadridkingdomofspain sansebastiandelosreyesregiondemadridreinodeespana sansebastiandelosreyesregiondemadridspain sansebastiandelosreyesregiondemadridspanien sansebastiandelosreyesregiondemadridspanishstate sansebastiandelosreyesreinodeespana sansebastiandelosreyesspain sansebastiandelosreyesspanien sansebastiandelosreyesspanishstate ssdelosreyesautonomegemeinschaftmadridespanha ssdelosreyesautonomegemeinschaftmadridestadoespanol ssdelosreyesautonomegemeinschaftmadridhiszpania ssdelosreyesautonomegemeinschaftmadridkingdomofspain ssdelosreyesautonomegemeinschaftmadridreinodeespana ssdelosreyesautonomegemeinschaftmadridspain ssdelosreyesautonomegemeinschaftmadridspanien ssdelosreyesautonomegemeinschaftmadridspanishstate ssdelosreyesautonomeregionmadridespanha ssdelosreyesautonomeregionmadridestadoespanol ssdelosreyesautonomeregionmadridhiszpania ssdelosreyesautonomeregionmadridkingdomofspain ssdelosreyesautonomeregionmadridreinodeespana ssdelosreyesautonomeregionmadridspain ssdelosreyesautonomeregionmadridspanien ssdelosreyesautonomeregionmadridspanishstate ssdelosreyesautonomousregionofmadridespanha ssdelosreyesautonomousregionofmadridestadoespanol ssdelosreyesautonomousregionofmadridhiszpania ssdelosreyesautonomousregionofmadridkingdomofspain ssdelosreyesautonomousregionofmadridreinodeespana ssdelosreyesautonomousregionofmadridspain ssdelosreyesautonomousregionofmadridspanien ssdelosreyesautonomousregionofmadridspanishstate ssdelosreyescommunityofmadridespanha ssdelosreyescommunityofmadridestadoespanol ssdelosreyescommunityofmadridhiszpania ssdelosreyescommunityofmadridkingdomofspain ssdelosreyescommunityofmadridreinodeespana ssdelosreyescommunityofmadridspain ssdelosreyescommunityofmadridspanien ssdelosreyescommunityofmadridspanishstate ssdelosreyescomunidadautonomademadridespanha ssdelosreyescomunidadautonomademadridestadoespanol ssdelosreyescomunidadautonomademadridhiszpania ssdelosreyescomunidadautonomademadridkingdomofspain ssdelosreyescomunidadautonomademadridreinodeespana ssdelosreyescomunidadautonomademadridspain ssdelosreyescomunidadautonomademadridspanien ssdelosreyescomunidadautonomademadridspanishstate ssdelosreyescomunidaddemadridespanha ssdelosreyescomunidaddemadridestadoespanol ssdelosreyescomunidaddemadridhiszpania ssdelosreyescomunidaddemadridkingdomofspain ssdelosreyescomunidaddemadridreinodeespana ssdelosreyescomunidaddemadridspain ssdelosreyescomunidaddemadridspanien ssdelosreyescomunidaddemadridspanishstate ssdelosreyesespanha ssdelosreyesestadoespanol ssdelosreyeshiszpania ssdelosreyeskingdomofspain ssdelosreyesmadridespanha ssdelosreyesmadridestadoespanol ssdelosreyesmadridhiszpania ssdelosreyesmadridkingdomofspain ssdelosreyesmadridreinodeespana ssdelosreyesmadridspain ssdelosreyesmadridspanien ssdelosreyesmadridspanishstate ssdelosreyesregiondemadridespanha ssdelosreyesregiondemadridestadoespanol ssdelosreyesregiondemadridhiszpania ssdelosreyesregiondemadridkingdomofspain ssdelosreyesregiondemadridreinodeespana ssdelosreyesregiondemadridspain ssdelosreyesregiondemadridspanien ssdelosreyesregiondemadridspanishstate ssdelosreyesreinodeespana ssdelosreyesspain ssdelosreyesspanien ssdelosreyesspanishstate",
      "slug": "san-sebastian-de-los-reyes",
      "status": "ACTIVE"
    },
    "model": "geo.city",
    "pk": 519
  },
  {
    "fields": {
      "alternate_names": "",
      "country": 4,
      "display_name": "San Martín de la Vega, Madrid, Spain",
      "feature_code": "PPLA3",
      "geoname_id": 3110360,
      "latitude": "40.20735",
      "longitude": "-3.57063",
      "name": "San Martín de la Vega",
      "name_ascii": "San Martin de la Vega",
      "population": 18256,
      "region": 89,
      "search_names": "sanmartindelavegaautonomegemeinschaftmadridespanha sanmartindelavegaautonomegemeinschaftmadridestadoespanol sanmartindelavegaautonomegemeinschaftmadridhiszpania sanmartindelavegaautonomegemeinschaftmadridkingdomofspain sanmartindelavegaautonomegemeinschaftmadridreinodeespana sanmartindelavegaautonomegemeinschaftmadridspain sanmartindelavegaautonomegemeinschaftmadridspanien sanmartindelavegaautonomegemeinschaftmadridspanishstate sanmartindelavegaautonomeregionmadridespanha sanmartindelavegaautonomeregionmadridestadoespanol sanmartindelavegaautonomeregionmadridhiszpania sanmartindelavegaautonomeregionmadridkingdomofspain sanmartindelavegaautonomeregionmadridreinodeespana sanmartindelavegaautonomeregionmadridspain sanmartindelavegaautonomeregionmadridspanien sanmartindelavegaautonomeregionmadridspanishstate sanmartindelavegaautonomousregionofmadridespanha sanmartindelavegaautonomousregionofmadridestadoespanol sanmartindelavegaautonomousregionofmadridhiszpania sanmartindelavegaautonomousregionofmadridkingdomofspain sanmartindelavegaautonomousregionofmadridreinodeespana sanmartindelavegaautonomousregionofmadridspain sanmartindelavegaautonomousregionofmadridspanien sanmartindelavegaautonomousregionofmadridspanishstate sanmartindelavegacommunityofmadridespanha sanmartindelavegacommunityofmadridestadoespanol sanmartindelavegacommunityofmadridhiszpania sanmartindelavegacommunityofmadridkingdomofspain sanmartindelavegacommunityofmadridreinodeespana sanmartindelavegacommunityofmadridspain sanmartindelavegacommunityofmadridspanien sanmartindelavegacommunityofmadridspanishstate sanmartindelavegacomunidadautonomademadridespanha sanmartindelavegacomunidadautonomademadridestadoespanol sanmartindelavegacomunidadautonomademadridhiszpania sanmartindelavegacomunidadautonomademadridkingdomofspain sanmartindelavegacomunidadautonomademadridreinodeespana sanmartindelavegacomunidadautonomademadridspain sanmartindelavegacomunidadautonomademadridspanien sanmartindelavegacomunidadautonomademadridspanishstate sanmartindelavegacomunidaddemadridespanha sanmartindelavegacomunidaddemadridestadoespanol sanmartindelavegacomunidaddemadridhiszpania sanmartindelavegacomunidaddemadridkingdomofspain sanmartindelavegacomunidaddemadridreinodeespana sanmartindelavegacomunidaddemadridspain sanmartindelavegacomunidaddemadridspanien sanmartindelavegacomunidaddemadridspanishstate sanmartindelavegaespanha sanmartindelavegaestadoespanol sanmartindelavegahiszpania sanmartindelavegakingdomofspain sanmartindelavegamadridespanha sanmartindelavegamadridestadoespanol sanmartindelavegamadridhiszpania sanmartindelavegamadridkingdomofspain sanmartindelavegamadridreinodeespana sanmartindelavegamadridspain sanmartindelavegamadridspanien sanmartindelavegamadridspanishstate sanmartindelavegaregiondemadridespanha sanmartindelavegaregiondemadridestadoespanol sanmartindelavegaregiondemadridhiszpania sanmartindelavegaregiondemadridkingdomofspain sanmartindelavegaregiondemadridreinodeespana sanmartindelavegaregiondemadridspain sanmartindelavegaregiondemadridspanien sanmartindelavegaregiondemadridspanishstate sanmartindelavegareinodeespana sanmartindelavegaspain sanmartindelavegaspanien sanmartindelavegaspanishstate",
      "slug": "san-martin-de-la-vega",
      "status": "ACTIVE"
    },
    "model": "geo.city",
    "pk": 523
  },
  {
    "fields": {
      "alternate_names": "El Escorial",
      "country": 4,
      "display_name": "San Lorenzo de El Escorial, Madrid, Spain",
      "feature_code": "PPLA3",
      "geoname_id": 3110458,
      "latitude": "40.59144",
      "longitude": "-4.14738",
      "name": "San Lorenzo de El Escorial",
      "name_ascii": "San Lorenzo de El Escorial",
      "population": 17889,
      "region": 89,
      "search_names": "elescorialautonomegemeinschaftmadridespanha elescorialautonomegemeinschaftmadridestadoespanol elescorialautonomegemeinschaftmadridhiszpania elescorialautonomegemeinschaftmadridkingdomofspain elescorialautonomegemeinschaftmadridreinodeespana elescorialautonomegemeinschaftmadridspain elescorialautonomegemeinschaftmadridspanien elescorialautonomegemeinschaftmadridspanishstate elescorialautonomeregionmadridespanha elescorialautonomeregionmadridestadoespanol elescorialautonomeregionmadridhiszpania elescorialautonomeregionmadridkingdomofspain elescorialautonomeregionmadridreinodeespana elescorialautonomeregionmadridspain elescorialautonomeregionmadridspanien elescorialautonomeregionmadridspanishstate elescorialautonomousregionofmadridespanha elescorialautonomousregionofmadridestadoespanol elescorialautonomousregionofmadridhiszpania elescorialautonomousregionofmadridkingdomofspain elescorialautonomousregionofmadridreinodeespana elescorialautonomousregionofmadridspain elescorialautonomousregionofmadridspanien elescorialautonomousregionofmadridspanishstate elescorialcommunityofmadridespanha elescorialcommunityofmadridestadoespanol elescorialcommunityofmadridhiszpania elescorialcommunityofmadridkingdomofspain elescorialcommunityofmadridreinodeespana elescorialcommunityofmadridspain elescorialcommunityofmadridspanien elescorialcommunityofmadridspanishstate elescorialcomunidadautonomademadridespanha elescorialcomunidadautonomademadridestadoespanol elescorialcomunidadautonomademadridhiszpania elescorialcomunidadautonomademadridkingdomofspain elescorialcomunidadautonomademadridreinodeespana elescorialcomunidadautonomademadridspain elescorialcomunidadautonomademadridspanien elescorialcomunidadautonomademadridspanishstate elescorialcomunidaddemadridespanha elescorialcomunidaddemadridestadoespanol elescorialcomunidaddemadridhiszpania elescorialcomunidaddemadridkingdomofspain elescorialcomunidaddemadridreinodeespana elescorialcomunidaddemadridspain elescorialcomunidaddemadridspanien elescorialcomunidaddemadridspanishstate elescorialespanha elescorialestadoespanol elescorialhiszpania elescorialkingdomofspain elescorialmadridespanha elescorialmadridestadoespanol elescorialmadridhiszpania elescorialmadridkingdomofspain elescorialmadridreinodeespana elescorialmadridspain elescorialmadridspanien elescorialmadridspanishstate elescorialregiondemadridespanha elescorialregiondemadridestadoespanol elescorialregiondemadridhiszpania elescorialregiondemadridkingdomofspain elescorialregiondemadridreinodeespana elescorialregiondemadridspain elescorialregiondemadridspanien elescorialregiondemadridspanishstate elescorialreinodeespana elescorialspain elescorialspanien elescorialspanishstate sanlorenzodeelescorialautonomegemeinschaftmadridespanha sanlorenzodeelescorialautonomegemeinschaftmadridestadoespanol sanlorenzodeelescorialautonomegemeinschaftmadridhiszpania sanlorenzodeelescorialautonomegemeinschaftmadridkingdomofspain sanlorenzodeelescorialautonomegemeinschaftmadridreinodeespana sanlorenzodeelescorialautonomegemeinschaftmadridspain sanlorenzodeelescorialautonomegemeinschaftmadridspanien sanlorenzodeelescorialautonomegemeinschaftmadridspanishstate sanlorenzodeelescorialautonomeregionmadridespanha sanlorenzodeelescorialautonomeregionmadridestadoespanol sanlorenzodeelescorialautonomeregionmadridhiszpania sanlorenzodeelescorialautonomeregionmadridkingdomofspain sanlorenzodeelescorialautonomeregionmadridreinodeespana sanlorenzodeelescorialautonomeregionmadridspain sanlorenzodeelescorialautonomeregionmadridspanien sanlorenzodeelescorialautonomeregionmadridspanishstate sanlorenzodeelescorialautonomousregionofmadridespanha sanlorenzodeelescorialautonomousregionofmadridestadoespanol sanlorenzodeelescorialautonomousregionofmadridhiszpania sanlorenzodeelescorialautonomousregionofmadridkingdomofspain sanlorenzodeelescorialautonomousregionofmadridreinodeespana sanlorenzodeelescorialautonomousregionofmadridspain sanlorenzodeelescorialautonomousregionofmadridspanien sanlorenzodeelescorialautonomousregionofmadridspanishstate sanlorenzodeelescorialcommunityofmadridespanha sanlorenzodeelescorialcommunityofmadridestadoespanol sanlorenzodeelescorialcommunityofmadridhiszpania sanlorenzodeelescorialcommunityofmadridkingdomofspain sanlorenzodeelescorialcommunityofmadridreinodeespana sanlorenzodeelescorialcommunityofmadridspain sanlorenzodeelescorialcommunityofmadridspanien sanlorenzodeelescorialcommunityofmadridspanishstate sanlorenzodeelescorialcomunidadautonomademadridespanha sanlorenzodeelescorialcomunidadautonomademadridestadoespanol sanlorenzodeelescorialcomunidadautonomademadridhiszpania sanlorenzodeelescorialcomunidadautonomademadridkingdomofspain sanlorenzodeelescorialcomunidadautonomademadridreinodeespana sanlorenzodeelescorialcomunidadautonomademadridspain sanlorenzodeelescorialcomunidadautonomademadridspanien sanlorenzodeelescorialcomunidadautonomademadridspanishstate sanlorenzodeelescorialcomunidaddemadridespanha sanlorenzodeelescorialcomunidaddemadridestadoespanol sanlorenzodeelescorialcomunidaddemadridhiszpania sanlorenzodeelescorialcomunidaddemadridkingdomofspain sanlorenzodeelescorialcomunidaddemadridreinodeespana sanlorenzodeelescorialcomunidaddemadridspain sanlorenzodeelescorialcomunidaddemadridspanien sanlorenzodeelescorialcomunidaddemadridspanishstate sanlorenzodeelescorialespanha sanlorenzodeelescorialestadoespanol sanlorenzodeelescorialhiszpania sanlorenzodeelescorialkingdomofspain sanlorenzodeelescorialmadridespanha sanlorenzodeelescorialmadridestadoespanol sanlorenzodeelescorialmadridhiszpania sanlorenzodeelescorialmadridkingdomofspain sanlorenzodeelescorialmadridreinodeespana sanlorenzodeelescorialmadridspain sanlorenzodeelescorialmadridspanien sanlorenzodeelescorialmadridspanishstate sanlorenzodeelescorialregiondemadridespanha sanlorenzodeelescorialregiondemadridestadoespanol sanlorenzodeelescorialregiondemadridhiszpania sanlorenzodeelescorialregiondemadridkingdomofspain sanlorenzodeelescorialregiondemadridreinodeespana sanlorenzodeelescorialregiondemadridspain sanlorenzodeelescorialregiondemadridspanien sanlorenzodeelescorialregiondemadridspanishstate sanlorenzodeelescorialreinodeespana sanlorenzodeelescorialspain sanlorenzodeelescorialspanien sanlorenzodeelescorialspanishstate",
      "slug": "san-lorenzo-de-el-escorial",
      "status": "ACTIVE"
    },
    "model": "geo.city",
    "pk": 524
  },
  {
    "fields": {
      "alternate_names": "",
      "country": 4,
      "display_name": "San Fernando de Henares, Madrid, Spain",
      "feature_code": "PPLA3",
      "geoname_id": 3110627,
      "latitude": "40.42386",
      "longitude": "-3.53261",
      "name": "San Fernando de Henares",
      "name_ascii": "San Fernando de Henares",
      "population": 40981,
      "region": 89,
      "search_names": "sanfernandodehenaresautonomegemeinschaftmadridespanha sanfernandodehenaresautonomegemeinschaftmadridestadoespanol sanfernandodehenaresautonomegemeinschaftmadridhiszpania sanfernandodehenaresautonomegemeinschaftmadridkingdomofspain sanfernandodehenaresautonomegemeinschaftmadridreinodeespana sanfernandodehenaresautonomegemeinschaftmadridspain sanfernandodehenaresautonomegemeinschaftmadridspanien sanfernandodehenaresautonomegemeinschaftmadridspanishstate sanfernandodehenaresautonomeregionmadridespanha sanfernandodehenaresautonomeregionmadridestadoespanol sanfernandodehenaresautonomeregionmadridhiszpania sanfernandodehenaresautonomeregionmadridkingdomofspain sanfernandodehenaresautonomeregionmadridreinodeespana sanfernandodehenaresautonomeregionmadridspain sanfernandodehenaresautonomeregionmadridspanien sanfernandodehenaresautonomeregionmadridspanishstate sanfernandodehenaresautonomousregionofmadridespanha sanfernandodehenaresautonomousregionofmadridestadoespanol sanfernandodehenaresautonomousregionofmadridhiszpania sanfernandodehenaresautonomousregionofmadridkingdomofspain sanfernandodehenaresautonomousregionofmadridreinodeespana sanfernandodehenaresautonomousregionofmadridspain sanfernandodehenaresautonomousregionofmadridspanien sanfernandodehenaresautonomousregionofmadridspanishstate sanfernandodehenarescommunityofmadridespanha sanfernandodehenarescommunityofmadridestadoespanol sanfernandodehenarescommunityofmadridhiszpania sanfernandodehenarescommunityofmadridkingdomofspain sanfernandodehenarescommunityofmadridreinodeespana sanfernandodehenarescommunityofmadridspain sanfernandodehenarescommunityofmadridspanien sanfernandodehenarescommunityofmadridspanishstate sanfernandodehenarescomunidadautonomademadridespanha sanfernandodehenarescomunidadautonomademadridestadoespanol sanfernandodehenarescomunidadautonomademadridhiszpania sanfernandodehenarescomunidadautonomademadridkingdomofspain sanfernandodehenarescomunidadautonomademadridreinodeespana sanfernandodehenarescomunidadautonomademadridspain sanfernandodehenarescomunidadautonomademadridspanien sanfernandodehenarescomunidadautonomademadridspanishstate sanfernandodehenarescomunidaddemadridespanha sanfernandodehenarescomunidaddemadridestadoespanol sanfernandodehenarescomunidaddemadridhiszpania sanfernandodehenarescomunidaddemadridkingdomofspain sanfernandodehenarescomunidaddemadridreinodeespana sanfernandodehenarescomunidaddemadridspain sanfernandodehenarescomunidaddemadridspanien sanfernandodehenarescomunidaddemadridspanishstate sanfernandodehenaresespanha sanfernandodehenaresestadoespanol sanfernandodehenareshiszpania sanfernandodehenareskingdomofspain sanfernandodehenaresmadridespanha sanfernandodehenaresmadridestadoespanol sanfernandodehenaresmadridhiszpania sanfernandodehenaresmadridkingdomofspain sanfernandodehenaresmadridreinodeespana sanfernandodehenaresmadridspain sanfernandodehenaresmadridspanien sanfernandodehenaresmadridspanishstate sanfernandodehenaresregiondemadridespanha sanfernandodehenaresregiondemadridestadoespanol sanfernandodehenaresregiondemadridhiszpania sanfernandodehenaresregiondemadridkingdomofspain sanfernandodehenaresregiondemadridreinodeespana sanfernandodehenaresregiondemadridspain sanfernandodehenaresregiondemadridspanien sanfernandodehenaresregiondemadridspanishstate sanfernandodehenaresreinodeespana sanfernandodehenaresspain sanfernandodehenaresspanien sanfernandodehenaresspanishstate",
      "slug": "san-fernando-de-henares",
      "status": "ACTIVE"
    },
    "model": "geo.city",
    "pk": 528
  },
  {
    "fields": {
      "alternate_names": "",
      "country": 4,
      "display_name": "Pozuelo de Alarcón, Madrid, Spain",
      "feature_code": "PPLA3",
      "geoname_id": 3112989,
      "latitude": "40.43293",
      "longitude": "-3.81338",
      "name": "Pozuelo de Alarcón",
      "name_ascii": "Pozuelo de Alarcon",
      "population": 82428,
      "region": 89,
      "search_names": "pozuelodealarconautonomegemeinschaftmadridespanha pozuelodealarconautonomegemeinschaftmadridestadoespanol pozuelodealarconautonomegemeinschaftmadridhiszpania pozuelodealarconautonomegemeinschaftmadridkingdomofspain pozuelodealarconautonomegemeinschaftmadridreinodeespana pozuelodealarconautonomegemeinschaftmadridspain pozuelodealarconautonomegemeinschaftmadridspanien pozuelodealarconautonomegemeinschaftmadridspanishstate pozuelodealarconautonomeregionmadridespanha pozuelodealarconautonomeregionmadridestadoespanol pozuelodealarconautonomeregionmadridhiszpania pozuelodealarconautonomeregionmadridkingdomofspain pozuelodealarconautonomeregionmadridreinodeespana pozuelodealarconautonomeregionmadridspain pozuelodealarconautonomeregionmadridspanien pozuelodealarconautonomeregionmadridspanishstate pozuelodealarconautonomousregionofmadridespanha pozuelodealarconautonomousregionofmadridestadoespanol pozuelodealarconautonomousregionofmadridhiszpania pozuelodealarconautonomousregionofmadridkingdomofspain pozuelodealarconautonomousregionofmadridreinodeespana pozuelodealarconautonomousregionofmadridspain pozuelodealarconautonomousregionofmadridspanien pozuelodealarconautonomousregionofmadridspanishstate pozuelodealarconcommunityofmadridespanha pozuelodealarconcommunityofmadridestadoespanol pozuelodealarconcommunityofmadridhiszpania pozuelodealarconcommunityofmadridkingdomofspain pozuelodealarconcommunityofmadridreinodeespana pozuelodealarconcommunityofmadridspain pozuelodealarconcommunityofmadridspanien pozuelodealarconcommunityofmadridspanishstate pozuelodealarconcomunidadautonomademadridespanha pozuelodealarconcomunidadautonomademadridestadoespanol pozuelodealarconcomunidadautonomademadridhiszpania pozuelodealarconcomunidadautonomademadridkingdomofspain pozuelodealarconcomunidadautonomademadridreinodeespana pozuelodealarconcomunidadautonomademadridspain pozuelodealarconcomunidadautonomademadridspanien pozuelodealarconcomunidadautonomademadridspanishstate pozuelodealarconcomunidaddemadridespanha pozuelodealarconcomunidaddemadridestadoespanol pozuelodealarconcomunidaddemadridhiszpania pozuelodealarconcomunidaddemadridkingdomofspain pozuelodealarconcomunidaddemadridreinodeespana pozuelodealarconcomunidaddemadridspain pozuelodealarconcomunidaddemadridspanien pozuelodealarconcomunidaddemadridspanishstate pozuelodealarconespanha pozuelodealarconestadoespanol pozuelodealarconhiszpania pozuelodealarconkingdomofspain pozuelodealarconmadridespanha pozuelodealarconmadridestadoespanol pozuelodealarconmadridhiszpania pozuelodealarconmadridkingdomofspain pozuelodealarconmadridreinodeespana pozuelodealarconmadridspain pozuelodealarconmadridspanien pozuelodealarconmadridspanishstate pozuelodealarconregiondemadridespanha pozuelodealarconregiondemadridestadoespanol pozuelodealarconregiondemadridhiszpania pozuelodealarconregiondemadridkingdomofspain pozuelodealarconregiondemadridreinodeespana pozuelodealarconregiondemadridspain pozuelodealarconregiondemadridspanien pozuelodealarconregiondemadridspanishstate pozuelodealarconreinodeespana pozuelodealarconspain pozuelodealarconspanien pozuelodealarconspanishstate",
      "slug": "pozuelo-de-alarcon",
      "status": "ACTIVE"
    },
    "model": "geo.city",
    "pk": 552
  },
  {
    "fields": {
      "alternate_names": "",
      "country": 4,
      "display_name": "Pinto, Madrid, Spain",
      "feature_code": "PPLA3",
      "geoname_id": 3113415,
      "latitude": "40.24147",
      "longitude": "-3.69999",
      "name": "Pinto",
      "name_ascii": "Pinto",
      "population": 43501,
      "region": 89,
      "search_names": "pintoautonomegemeinschaftmadridespanha pintoautonomegemeinschaftmadridestadoespanol pintoautonomegemeinschaftmadridhiszpania pintoautonomegemeinschaftmadridkingdomofspain pintoautonomegemeinschaftmadridreinodeespana pintoautonomegemeinschaftmadridspain pintoautonomegemeinschaftmadridspanien pintoautonomegemeinschaftmadridspanishstate pintoautonomeregionmadridespanha pintoautonomeregionmadridestadoespanol pintoautonomeregionmadridhiszpania pintoautonomeregionmadridkingdomofspain pintoautonomeregionmadridreinodeespana pintoautonomeregionmadridspain pintoautonomeregionmadridspanien pintoautonomeregionmadridspanishstate pintoautonomousregionofmadridespanha pintoautonomousregionofmadridestadoespanol pintoautonomousregionofmadridhiszpania pintoautonomousregionofmadridkingdomofspain pintoautonomousregionofmadridreinodeespana pintoautonomousregionofmadridspain pintoautonomousregionofmadridspanien pintoautonomousregionofmadridspanishstate pintocommunityofmadridespanha pintocommunityofmadridestadoespanol pintocommunityofmadridhiszpania pintocommunityofmadridkingdomofspain pintocommunityofmadridreinodeespana pintocommunityofmadridspain pintocommunityofmadridspanien pintocommunityofmadridspanishstate pintocomunidadautonomademadridespanha pintocomunidadautonomademadridestadoespanol pintocomunidadautonomademadridhiszpania pintocomunidadautonomademadridkingdomofspain pintocomunidadautonomademadridreinodeespana pintocomunidadautonomademadridspain pintocomunidadautonomademadridspanien pintocomunidadautonomademadridspanishstate pintocomunidaddemadridespanha pintocomunidaddemadridestadoespanol pintocomunidaddemadridhiszpania pintocomunidaddemadridkingdomofspain pintocomunidaddemadridreinodeespana pintocomunidaddemadridspain pintocomunidaddemadridspanien pintocomunidaddemadridspanishstate pintoespanha pintoestadoespanol pintohiszpania pintokingdomofspain pintomadridespanha pintomadridestadoespanol pintomadridhiszpania pintomadridkingdomofspain pintomadridreinodeespana pintomadridspain pintomadridspanien pintomadridspanishstate pintoregiondemadridespanha pintoregiondemadridestadoespanol pintoregiondemadridhiszpania pintoregiondemadridkingdomofspain pintoregiondemadridreinodeespana pintoregiondemadridspain pintoregiondemadridspanien pintoregiondemadridspanishstate pintoreinodeespana pintospain pintospanien pintospanishstate",
      "slug": "pinto",
      "status": "ACTIVE"
    },
    "model": "geo.city",
    "pk": 559
  },
  {
    "fields": {
      "alternate_names": "",
      "country": 4,
      "display_name": "Parla, Madrid, Spain",
      "feature_code": "PPLA3",
      "geoname_id": 3114256,
      "latitude": "40.23604",
      "longitude": "-3.76752",
      "name": "Parla",
      "name_ascii": "Parla",
      "population": 115611,
      "region": 89,
      "search_names": "parlaautonomegemeinschaftmadridespanha parlaautonomegemeinschaftmadridestadoespanol parlaautonomegemeinschaftmadridhiszpania parlaautonomegemeinschaftmadridkingdomofspain parlaautonomegemeinschaftmadridreinodeespana parlaautonomegemeinschaftmadridspain parlaautonomegemeinschaftmadridspanien parlaautonomegemeinschaftmadridspanishstate parlaautonomeregionmadridespanha parlaautonomeregionmadridestadoespanol parlaautonomeregionmadridhiszpania parlaautonomeregionmadridkingdomofspain parlaautonomeregionmadridreinodeespana parlaautonomeregionmadridspain parlaautonomeregionmadridspanien parlaautonomeregionmadridspanishstate parlaautonomousregionofmadridespanha parlaautonomousregionofmadridestadoespanol parlaautonomousregionofmadridhiszpania parlaautonomousregionofmadridkingdomofspain parlaautonomousregionofmadridreinodeespana parlaautonomousregionofmadridspain parlaautonomousregionofmadridspanien parlaautonomousregionofmadridspanishstate parlacommunityofmadridespanha parlacommunityofmadridestadoespanol parlacommunityofmadridhiszpania parlacommunityofmadridkingdomofspain parlacommunityofmadridreinodeespana parlacommunityofmadridspain parlacommunityofmadridspanien parlacommunityofmadridspanishstate parlacomunidadautonomademadridespanha parlacomunidadautonomademadridestadoespanol parlacomunidadautonomademadridhiszpania parlacomunidadautonomademadridkingdomofspain parlacomunidadautonomademadridreinodeespana parlacomunidadautonomademadridspain parlacomunidadautonomademadridspanien parlacomunidadautonomademadridspanishstate parlacomunidaddemadridespanha parlacomunidaddemadridestadoespanol parlacomunidaddemadridhiszpania parlacomunidaddemadridkingdomofspain parlacomunidaddemadridreinodeespana parlacomunidaddemadridspain parlacomunidaddemadridspanien parlacomunidaddemadridspanishstate parlaespanha parlaestadoespanol parlahiszpania parlakingdomofspain parlamadridespanha parlamadridestadoespanol parlamadridhiszpania parlamadridkingdomofspain parlamadridreinodeespana parlamadridspain parlamadridspanien parlamadridspanishstate parlaregiondemadridespanha parlaregiondemadridestadoespanol parlaregiondemadridhiszpania parlaregiondemadridkingdomofspain parlaregiondemadridreinodeespana parlaregiondemadridspain parlaregiondemadridspanien parlaregiondemadridspanishstate parlareinodeespana parlaspain parlaspanien parlaspanishstate",
      "slug": "parla",
      "status": "ACTIVE"
    },
    "model": "geo.city",
    "pk": 561
  },
  {
    "fields": {
      "alternate_names": "",
      "country": 4,
      "display_name": "Navalcarnero, Madrid, Spain",
      "feature_code": "PPLA3",
      "geoname_id": 3115659,
      "latitude": "40.28908",
      "longitude": "-4.01197",
      "name": "Navalcarnero",
      "name_ascii": "Navalcarnero",
      "population": 21584,
      "region": 89,
      "search_names": "navalcarneroautonomegemeinschaftmadridespanha navalcarneroautonomegemeinschaftmadridestadoespanol navalcarneroautonomegemeinschaftmadridhiszpania navalcarneroautonomegemeinschaftmadridkingdomofspain navalcarneroautonomegemeinschaftmadridreinodeespana navalcarneroautonomegemeinschaftmadridspain navalcarneroautonomegemeinschaftmadridspanien navalcarneroautonomegemeinschaftmadridspanishstate navalcarneroautonomeregionmadridespanha navalcarneroautonomeregionmadridestadoespanol navalcarneroautonomeregionmadridhiszpania navalcarneroautonomeregionmadridkingdomofspain navalcarneroautonomeregionmadridreinodeespana navalcarneroautonomeregionmadridspain navalcarneroautonomeregionmadridspanien navalcarneroautonomeregionmadridspanishstate navalcarneroautonomousregionofmadridespanha navalcarneroautonomousregionofmadridestadoespanol navalcarneroautonomousregionofmadridhiszpania navalcarneroautonomousregionofmadridkingdomofspain navalcarneroautonomousregionofmadridreinodeespana navalcarneroautonomousregionofmadridspain navalcarneroautonomousregionofmadridspanien navalcarneroautonomousregionofmadridspanishstate navalcarnerocommunityofmadridespanha navalcarnerocommunityofmadridestadoespanol navalcarnerocommunityofmadridhiszpania navalcarnerocommunityofmadridkingdomofspain navalcarnerocommunityofmadridreinodeespana navalcarnerocommunityofmadridspain navalcarnerocommunityofmadridspanien navalcarnerocommunityofmadridspanishstate navalcarnerocomunidadautonomademadridespanha navalcarnerocomunidadautonomademadridestadoespanol navalcarnerocomunidadautonomademadridhiszpania navalcarnerocomunidadautonomademadridkingdomofspain navalcarnerocomunidadautonomademadridreinodeespana navalcarnerocomunidadautonomademadridspain navalcarnerocomunidadautonomademadridspanien navalcarnerocomunidadautonomademadridspanishstate navalcarnerocomunidaddemadridespanha navalcarnerocomunidaddemadridestadoespanol navalcarnerocomunidaddemadridhiszpania navalcarnerocomunidaddemadridkingdomofspain navalcarnerocomunidaddemadridreinodeespana navalcarnerocomunidaddemadridspain navalcarnerocomunidaddemadridspanien navalcarnerocomunidaddemadridspanishstate navalcarneroespanha navalcarneroestadoespanol navalcarnerohiszpania navalcarnerokingdomofspain navalcarneromadridespanha navalcarneromadridestadoespanol navalcarneromadridhiszpania navalcarneromadridkingdomofspain navalcarneromadridreinodeespana navalcarneromadridspain navalcarneromadridspanien navalcarneromadridspanishstate navalcarneroregiondemadridespanha navalcarneroregiondemadridestadoespanol navalcarneroregiondemadridhiszpania navalcarneroregiondemadridkingdomofspain navalcarneroregiondemadridreinodeespana navalcarneroregiondemadridspain navalcarneroregiondemadridspanien navalcarneroregiondemadridspanishstate navalcarneroreinodeespana navalcarnerospain navalcarnerospanien navalcarnerospanishstate",
      "slug": "navalcarnero",
      "status": "ACTIVE"
    },
    "model": "geo.city",
    "pk": 574
  },
  {
    "fields": {
      "alternate_names": "",
      "country": 4,
      "display_name": "Móstoles, Madrid, Spain",
      "feature_code": "PPLA3",
      "geoname_id": 3116025,
      "latitude": "40.32234",
      "longitude": "-3.86496",
      "name": "Móstoles",
      "name_ascii": "Mostoles",
      "population": 206478,
      "region": 89,
      "search_names": "mostolesautonomegemeinschaftmadridespanha mostolesautonomegemeinschaftmadridestadoespanol mostolesautonomegemeinschaftmadridhiszpania mostolesautonomegemeinschaftmadridkingdomofspain mostolesautonomegemeinschaftmadridreinodeespana mostolesautonomegemeinschaftmadridspain mostolesautonomegemeinschaftmadridspanien mostolesautonomegemeinschaftmadridspanishstate mostolesautonomeregionmadridespanha mostolesautonomeregionmadridestadoespanol mostolesautonomeregionmadridhiszpania mostolesautonomeregionmadridkingdomofspain mostolesautonomeregionmadridreinodeespana mostolesautonomeregionmadridspain mostolesautonomeregionmadridspanien mostolesautonomeregionmadridspanishstate mostolesautonomousregionofmadridespanha mostolesautonomousregionofmadridestadoespanol mostolesautonomousregionofmadridhiszpania mostolesautonomousregionofmadridkingdomofspain mostolesautonomousregionofmadridreinodeespana mostolesautonomousregionofmadridspain mostolesautonomousregionofmadridspanien mostolesautonomousregionofmadridspanishstate mostolescommunityofmadridespanha mostolescommunityofmadridestadoespanol mostolescommunityofmadridhiszpania mostolescommunityofmadridkingdomofspain mostolescommunityofmadridreinodeespana mostolescommunityofmadridspain mostolescommunityofmadridspanien mostolescommunityofmadridspanishstate mostolescomunidadautonomademadridespanha mostolescomunidadautonomademadridestadoespanol mostolescomunidadautonomademadridhiszpania mostolescomunidadautonomademadridkingdomofspain mostolescomunidadautonomademadridreinodeespana mostolescomunidadautonomademadridspain mostolescomunidadautonomademadridspanien mostolescomunidadautonomademadridspanishstate mostolescomunidaddemadridespanha mostolescomunidaddemadridestadoespanol mostolescomunidaddemadridhiszpania mostolescomunidaddemadridkingdomofspain mostolescomunidaddemadridreinodeespana mostolescomunidaddemadridspain mostolescomunidaddemadridspanien mostolescomunidaddemadridspanishstate mostolesespanha mostolesestadoespanol mostoleshiszpania mostoleskingdomofspain mostolesmadridespanha mostolesmadridestadoespanol mostolesmadridhiszpania mostolesmadridkingdomofspain mostolesmadridreinodeespana mostolesmadridspain mostolesmadridspanien mostolesmadridspanishstate mostolesregiondemadridespanha mostolesregiondemadridestadoespanol mostolesregiondemadridhiszpania mostolesregiondemadridkingdomofspain mostolesregiondemadridreinodeespana mostolesregiondemadridspain mostolesregiondemadridspanien mostolesregiondemadridspanishstate mostolesreinodeespana mostolesspain mostolesspanien mostolesspanishstate",
      "slug": "mostoles",
      "status": "ACTIVE"
    },
    "model": "geo.city",
    "pk": 577
  },
  {
    "fields": {
      "alternate_names": "",
      "country": 4,
      "display_name": "Mejorada del Campo, Madrid, Spain",
      "feature_code": "PPLA3",
      "geoname_id": 3116963,
      "latitude": "40.39283",
      "longitude": "-3.48194",
      "name": "Mejorada del Campo",
      "name_ascii": "Mejorada del Campo",
      "population": 22488,
      "region": 89,
      "search_names": "mejoradadelcampoautonomegemeinschaftmadridespanha mejoradadelcampoautonomegemeinschaftmadridestadoespanol mejoradadelcampoautonomegemeinschaftmadridhiszpania mejoradadelcampoautonomegemeinschaftmadridkingdomofspain mejoradadelcampoautonomegemeinschaftmadridreinodeespana mejoradadelcampoautonomegemeinschaftmadridspain mejoradadelcampoautonomegemeinschaftmadridspanien mejoradadelcampoautonomegemeinschaftmadridspanishstate mejoradadelcampoautonomeregionmadridespanha mejoradadelcampoautonomeregionmadridestadoespanol mejoradadelcampoautonomeregionmadridhiszpania mejoradadelcampoautonomeregionmadridkingdomofspain mejoradadelcampoautonomeregionmadridreinodeespana mejoradadelcampoautonomeregionmadridspain mejoradadelcampoautonomeregionmadridspanien mejoradadelcampoautonomeregionmadridspanishstate mejoradadelcampoautonomousregionofmadridespanha mejoradadelcampoautonomousregionofmadridestadoespanol mejoradadelcampoautonomousregionofmadridhiszpania mejoradadelcampoautonomousregionofmadridkingdomofspain mejoradadelcampoautonomousregionofmadridreinodeespana mejoradadelcampoautonomousregionofmadridspain mejoradadelcampoautonomousregionofmadridspanien mejoradadelcampoautonomousregionofmadridspanishstate mejoradadelcampocommunityofmadridespanha mejoradadelcampocommunityofmadridestadoespanol mejoradadelcampocommunityofmadridhiszpania mejoradadelcampocommunityofmadridkingdomofspain mejoradadelcampocommunityofmadridreinodeespana mejoradadelcampocommunityofmadridspain mejoradadelcampocommunityofmadridspanien mejoradadelcampocommunityofmadridspanishstate mejoradadelcampocomunidadautonomademadridespanha mejoradadelcampocomunidadautonomademadridestadoespanol mejoradadelcampocomunidadautonomademadridhiszpania mejoradadelcampocomunidadautonomademadridkingdomofspain mejoradadelcampocomunidadautonomademadridreinodeespana mejoradadelcampocomunidadautonomademadridspain mejoradadelcampocomunidadautonomademadridspanien mejoradadelcampocomunidadautonomademadridspanishstate mejoradadelcampocomunidaddemadridespanha mejoradadelcampocomunidaddemadridestadoespanol mejoradadelcampocomunidaddemadridhiszpania mejoradadelcampocomunidaddemadridkingdomofspain mejoradadelcampocomunidaddemadridreinodeespana mejoradadelcampocomunidaddemadridspain mejoradadelcampocomunidaddemadridspanien mejoradadelcampocomunidaddemadridspanishstate mejoradadelcampoespanha mejoradadelcampoestadoespanol mejoradadelcampohiszpania mejoradadelcampokingdomofspain mejoradadelcampomadridespanha mejoradadelcampomadridestadoespanol mejoradadelcampomadridhiszpania mejoradadelcampomadridkingdomofspain mejoradadelcampomadridreinodeespana mejoradadelcampomadridspain mejoradadelcampomadridspanien mejoradadelcampomadridspanishstate mejoradadelcamporegiondemadridespanha mejoradadelcamporegiondemadridestadoespanol mejoradadelcamporegiondemadridhiszpania mejoradadelcamporegiondemadridkingdomofspain mejoradadelcamporegiondemadridreinodeespana mejoradadelcamporegiondemadridspain mejoradadelcamporegiondemadridspanien mejoradadelcamporegiondemadridspanishstate mejoradadelcamporeinodeespana mejoradadelcampospain mejoradadelcampospanien mejoradadelcampospanishstate",
      "slug": "mejorada-del-campo",
      "status": "ACTIVE"
    },
    "model": "geo.city",
    "pk": 588
  },
  {
    "fields": {
      "alternate_names": "",
      "country": 4,
      "display_name": "Majadahonda, Madrid, Spain",
      "feature_code": "PPLA3",
      "geoname_id": 3117667,
      "latitude": "40.47353",
      "longitude": "-3.87182",
      "name": "Majadahonda",
      "name_ascii": "Majadahonda",
      "population": 68110,
      "region": 89,
      "search_names": "majadahondaautonomegemeinschaftmadridespanha majadahondaautonomegemeinschaftmadridestadoespanol majadahondaautonomegemeinschaftmadridhiszpania majadahondaautonomegemeinschaftmadridkingdomofspain majadahondaautonomegemeinschaftmadridreinodeespana majadahondaautonomegemeinschaftmadridspain majadahondaautonomegemeinschaftmadridspanien majadahondaautonomegemeinschaftmadridspanishstate majadahondaautonomeregionmadridespanha majadahondaautonomeregionmadridestadoespanol majadahondaautonomeregionmadridhiszpania majadahondaautonomeregionmadridkingdomofspain majadahondaautonomeregionmadridreinodeespana majadahondaautonomeregionmadridspain majadahondaautonomeregionmadridspanien majadahondaautonomeregionmadridspanishstate majadahondaautonomousregionofmadridespanha majadahondaautonomousregionofmadridestadoespanol majadahondaautonomousregionofmadridhiszpania majadahondaautonomousregionofmadridkingdomofspain majadahondaautonomousregionofmadridreinodeespana majadahondaautonomousregionofmadridspain majadahondaautonomousregionofmadridspanien majadahondaautonomousregionofmadridspanishstate majadahondacommunityofmadridespanha majadahondacommunityofmadridestadoespanol majadahondacommunityofmadridhiszpania majadahondacommunityofmadridkingdomofspain majadahondacommunityofmadridreinodeespana majadahondacommunityofmadridspain majadahondacommunityofmadridspanien majadahondacommunityofmadridspanishstate majadahondacomunidadautonomademadridespanha majadahondacomunidadautonomademadridestadoespanol majadahondacomunidadautonomademadridhiszpania majadahondacomunidadautonomademadridkingdomofspain majadahondacomunidadautonomademadridreinodeespana majadahondacomunidadautonomademadridspain majadahondacomunidadautonomademadridspanien majadahondacomunidadautonomademadridspanishstate majadahondacomunidaddemadridespanha majadahondacomunidaddemadridestadoespanol majadahondacomunidaddemadridhiszpania majadahondacomunidaddemadridkingdomofspain majadahondacomunidaddemadridreinodeespana majadahondacomunidaddemadridspain majadahondacomunidaddemadridspanien majadahondacomunidaddemadridspanishstate majadahondaespanha majadahondaestadoespanol majadahondahiszpania majadahondakingdomofspain majadahondamadridespanha majadahondamadridestadoespanol majadahondamadridhiszpania majadahondamadridkingdomofspain majadahondamadridreinodeespana majadahondamadridspain majadahondamadridspanien majadahondamadridspanishstate majadahondaregiondemadridespanha majadahondaregiondemadridestadoespanol majadahondaregiondemadridhiszpania majadahondaregiondemadridkingdomofspain majadahondaregiondemadridreinodeespana majadahondaregiondemadridspain majadahondaregiondemadridspanien majadahondaregiondemadridspanishstate majadahondareinodeespana majadahondaspain majadahondaspanien majadahondaspanishstate",
      "slug": "majadahonda",
      "status": "ACTIVE"
    },
    "model": "geo.city",
    "pk": 597
  },
  {
    "fields": {
      "alternate_names": "Madryt,Sanchinarro",
      "country": 4,
      "display_name": "Madrid, Madrid, Spain",
      "feature_code": "PPLC",
      "geoname_id": 3117735,
      "latitude": "40.41650",
      "longitude": "-3.70256",
      "name": "Madrid",
      "name_ascii": "Madrid",
      "population": 3255944,
      "region": 89,
      "search_names": "madridautonomegemeinschaftmadridespanha madridautonomegemeinschaftmadridestadoespanol madridautonomegemeinschaftmadridhiszpania madridautonomegemeinschaftmadridkingdomofspain madridautonomegemeinschaftmadridreinodeespana madridautonomegemeinschaftmadridspain madridautonomegemeinschaftmadridspanien madridautonomegemeinschaftmadridspanishstate madridautonomeregionmadridespanha madridautonomeregionmadridestadoespanol madridautonomeregionmadridhiszpania madridautonomeregionmadridkingdomofspain madridautonomeregionmadridreinodeespana madridautonomeregionmadridspain madridautonomeregionmadridspanien madridautonomeregionmadridspanishstate madridautonomousregionofmadridespanha madridautonomousregionofmadridestadoespanol madridautonomousregionofmadridhiszpania madridautonomousregionofmadridkingdomofspain madridautonomousregionofmadridreinodeespana madridautonomousregionofmadridspain madridautonomousregionofmadridspanien madridautonomousregionofmadridspanishstate madridcommunityofmadridespanha madridcommunityofmadridestadoespanol madridcommunityofmadridhiszpania madridcommunityofmadridkingdomofspain madridcommunityofmadridreinodeespana madridcommunityofmadridspain madridcommunityofmadridspanien madridcommunityofmadridspanishstate madridcomunidadautonomademadridespanha madridcomunidadautonomademadridestadoespanol madridcomunidadautonomademadridhiszpania madridcomunidadautonomademadridkingdomofspain madridcomunidadautonomademadridreinodeespana madridcomunidadautonomademadridspain madridcomunidadautonomademadridspanien madridcomunidadautonomademadridspanishstate madridcomunidaddemadridespanha madridcomunidaddemadridestadoespanol madridcomunidaddemadridhiszpania madridcomunidaddemadridkingdomofspain madridcomunidaddemadridreinodeespana madridcomunidaddemadridspain madridcomunidaddemadridspanien madridcomunidaddemadridspanishstate madridespanha madridestadoespanol madridhiszpania madridkingdomofspain madridmadridespanha madridmadridestadoespanol madridmadridhiszpania madridmadridkingdomofspain madridmadridreinodeespana madridmadridspain madridmadridspanien madridmadridspanishstate madridregiondemadridespanha madridregiondemadridestadoespanol madridregiondemadridhiszpania madridregiondemadridkingdomofspain madridregiondemadridreinodeespana madridregiondemadridspain madridregiondemadridspanien madridregiondemadridspanishstate madridreinodeespana madridspain madridspanien madridspanishstate madrytautonomegemeinschaftmadridespanha madrytautonomegemeinschaftmadridestadoespanol madrytautonomegemeinschaftmadridhiszpania madrytautonomegemeinschaftmadridkingdomofspain madrytautonomegemeinschaftmadridreinodeespana madrytautonomegemeinschaftmadridspain madrytautonomegemeinschaftmadridspanien madrytautonomegemeinschaftmadridspanishstate madrytautonomeregionmadridespanha madrytautonomeregionmadridestadoespanol madrytautonomeregionmadridhiszpania madrytautonomeregionmadridkingdomofspain madrytautonomeregionmadridreinodeespana madrytautonomeregionmadridspain madrytautonomeregionmadridspanien madrytautonomeregionmadridspanishstate madrytautonomousregionofmadridespanha madrytautonomousregionofmadridestadoespanol madrytautonomousregionofmadridhiszpania madrytautonomousregionofmadridkingdomofspain madrytautonomousregionofmadridreinodeespana madrytautonomousregionofmadridspain madrytautonomousregionofmadridspanien madrytautonomousregionofmadridspanishstate madrytcommunityofmadridespanha madrytcommunityofmadridestadoespanol madrytcommunityofmadridhiszpania madrytcommunityofmadridkingdomofspain madrytcommunityofmadridreinodeespana madrytcommunityofmadridspain madrytcommunityofmadridspanien madrytcommunityofmadridspanishstate madrytcomunidadautonomademadridespanha madrytcomunidadautonomademadridestadoespanol madrytcomunidadautonomademadridhiszpania madrytcomunidadautonomademadridkingdomofspain madrytcomunidadautonomademadridreinodeespana madrytcomunidadautonomademadridspain madrytcomunidadautonomademadridspanien madrytcomunidadautonomademadridspanishstate madrytcomunidaddemadridespanha madrytcomunidaddemadridestadoespanol madrytcomunidaddemadridhiszpania madrytcomunidaddemadridkingdomofspain madrytcomunidaddemadridreinodeespana madrytcomunidaddemadridspain madrytcomunidaddemadridspanien madrytcomunidaddemadridspanishstate madrytespanha madrytestadoespanol madrythiszpania madrytkingdomofspain madrytmadridespanha madrytmadridestadoespanol madrytmadridhiszpania madrytmadridkingdomofspain madrytmadridreinodeespana madrytmadridspain madrytmadridspanien madrytmadridspanishstate madrytregiondemadridespanha madrytregiondemadridestadoespanol madrytregiondemadridhiszpania madrytregiondemadridkingdomofspain madrytregiondemadridreinodeespana madrytregiondemadridspain madrytregiondemadridspanien madrytregiondemadridspanishstate madrytreinodeespana madrytspain madrytspanien madrytspanishstate sanchinarroautonomegemeinschaftmadridespanha sanchinarroautonomegemeinschaftmadridestadoespanol sanchinarroautonomegemeinschaftmadridhiszpania sanchinarroautonomegemeinschaftmadridkingdomofspain sanchinarroautonomegemeinschaftmadridreinodeespana sanchinarroautonomegemeinschaftmadridspain sanchinarroautonomegemeinschaftmadridspanien sanchinarroautonomegemeinschaftmadridspanishstate sanchinarroautonomeregionmadridespanha sanchinarroautonomeregionmadridestadoespanol sanchinarroautonomeregionmadridhiszpania sanchinarroautonomeregionmadridkingdomofspain sanchinarroautonomeregionmadridreinodeespana sanchinarroautonomeregionmadridspain sanchinarroautonomeregionmadridspanien sanchinarroautonomeregionmadridspanishstate sanchinarroautonomousregionofmadridespanha sanchinarroautonomousregionofmadridestadoespanol sanchinarroautonomousregionofmadridhiszpania sanchinarroautonomousregionofmadridkingdomofspain sanchinarroautonomousregionofmadridreinodeespana sanchinarroautonomousregionofmadridspain sanchinarroautonomousregionofmadridspanien sanchinarroautonomousregionofmadridspanishstate sanchinarrocommunityofmadridespanha sanchinarrocommunityofmadridestadoespanol sanchinarrocommunityofmadridhiszpania sanchinarrocommunityofmadridkingdomofspain sanchinarrocommunityofmadridreinodeespana sanchinarrocommunityofmadridspain sanchinarrocommunityofmadridspanien sanchinarrocommunityofmadridspanishstate sanchinarrocomunidadautonomademadridespanha sanchinarrocomunidadautonomademadridestadoespanol sanchinarrocomunidadautonomademadridhiszpania sanchinarrocomunidadautonomademadridkingdomofspain sanchinarrocomunidadautonomademadridreinodeespana sanchinarrocomunidadautonomademadridspain sanchinarrocomunidadautonomademadridspanien sanchinarrocomunidadautonomademadridspanishstate sanchinarrocomunidaddemadridespanha sanchinarrocomunidaddemadridestadoespanol sanchinarrocomunidaddemadridhiszpania sanchinarrocomunidaddemadridkingdomofspain sanchinarrocomunidaddemadridreinodeespana sanchinarrocomunidaddemadridspain sanchinarrocomunidaddemadridspanien sanchinarrocomunidaddemadridspanishstate sanchinarroespanha sanchinarroestadoespanol sanchinarrohiszpania sanchinarrokingdomofspain sanchinarromadridespanha sanchinarromadridestadoespanol sanchinarromadridhiszpania sanchinarromadridkingdomofspain sanchinarromadridreinodeespana sanchinarromadridspain sanchinarromadridspanien sanchinarromadridspanishstate sanchinarroregiondemadridespanha sanchinarroregiondemadridestadoespanol sanchinarroregiondemadridhiszpania sanchinarroregiondemadridkingdomofspain sanchinarroregiondemadridreinodeespana sanchinarroregiondemadridspain sanchinarroregiondemadridspanien sanchinarroregiondemadridspanishstate sanchinarroreinodeespana sanchinarrospain sanchinarrospanien sanchinarrospanishstate",
      "slug": "madrid",
      "status": "ACTIVE"
    },
    "model": "geo.city",
    "pk": 598
  },
  {
    "fields": {
      "alternate_names": "",
      "country": 4,
      "display_name": "Leganés, Madrid, Spain",
      "feature_code": "PPLA3",
      "geoname_id": 3118594,
      "latitude": "40.32718",
      "longitude": "-3.76350",
      "name": "Leganés",
      "name_ascii": "Leganes",
      "population": 186066,
      "region": 89,
      "search_names": "leganesautonomegemeinschaftmadridespanha leganesautonomegemeinschaftmadridestadoespanol leganesautonomegemeinschaftmadridhiszpania leganesautonomegemeinschaftmadridkingdomofspain leganesautonomegemeinschaftmadridreinodeespana leganesautonomegemeinschaftmadridspain leganesautonomegemeinschaftmadridspanien leganesautonomegemeinschaftmadridspanishstate leganesautonomeregionmadridespanha leganesautonomeregionmadridestadoespanol leganesautonomeregionmadridhiszpania leganesautonomeregionmadridkingdomofspain leganesautonomeregionmadridreinodeespana leganesautonomeregionmadridspain leganesautonomeregionmadridspanien leganesautonomeregionmadridspanishstate leganesautonomousregionofmadridespanha leganesautonomousregionofmadridestadoespanol leganesautonomousregionofmadridhiszpania leganesautonomousregionofmadridkingdomofspain leganesautonomousregionofmadridreinodeespana leganesautonomousregionofmadridspain leganesautonomousregionofmadridspanien leganesautonomousregionofmadridspanishstate leganescommunityofmadridespanha leganescommunityofmadridestadoespanol leganescommunityofmadridhiszpania leganescommunityofmadridkingdomofspain leganescommunityofmadridreinodeespana leganescommunityofmadridspain leganescommunityofmadridspanien leganescommunityofmadridspanishstate leganescomunidadautonomademadridespanha leganescomunidadautonomademadridestadoespanol leganescomunidadautonomademadridhiszpania leganescomunidadautonomademadridkingdomofspain leganescomunidadautonomademadridreinodeespana leganescomunidadautonomademadridspain leganescomunidadautonomademadridspanien leganescomunidadautonomademadridspanishstate leganescomunidaddemadridespanha leganescomunidaddemadridestadoespanol leganescomunidaddemadridhiszpania leganescomunidaddemadridkingdomofspain leganescomunidaddemadridreinodeespana leganescomunidaddemadridspain leganescomunidaddemadridspanien leganescomunidaddemadridspanishstate leganesespanha leganesestadoespanol leganeshiszpania leganeskingdomofspain leganesmadridespanha leganesmadridestadoespanol leganesmadridhiszpania leganesmadridkingdomofspain leganesmadridreinodeespana leganesmadridspain leganesmadridspanien leganesmadridspanishstate leganesregiondemadridespanha leganesregiondemadridestadoespanol leganesregiondemadridhiszpania leganesregiondemadridkingdomofspain leganesregiondemadridreinodeespana leganesregiondemadridspain leganesregiondemadridspanien leganesregiondemadridspanishstate leganesreinodeespana leganesspain leganesspanien leganesspanishstate",
      "slug": "leganes",
      "status": "ACTIVE"
    },
    "model": "geo.city",
    "pk": 606
  },
  {
    "fields": {
      "alternate_names": "",
      "country": 4,
      "display_name": "Las Rozas de Madrid, Madrid, Spain",
      "feature_code": "PPL",
      "geoname_id": 3118848,
      "latitude": "40.49292",
      "longitude": "-3.87371",
      "name": "Las Rozas de Madrid",
      "name_ascii": "Las Rozas de Madrid",
      "population": 86340,
      "region": 89,
      "search_names": "lasrozasdemadridautonomegemeinschaftmadridespanha lasrozasdemadridautonomegemeinschaftmadridestadoespanol lasrozasdemadridautonomegemeinschaftmadridhiszpania lasrozasdemadridautonomegemeinschaftmadridkingdomofspain lasrozasdemadridautonomegemeinschaftmadridreinodeespana lasrozasdemadridautonomegemeinschaftmadridspain lasrozasdemadridautonomegemeinschaftmadridspanien lasrozasdemadridautonomegemeinschaftmadridspanishstate lasrozasdemadridautonomeregionmadridespanha lasrozasdemadridautonomeregionmadridestadoespanol lasrozasdemadridautonomeregionmadridhiszpania lasrozasdemadridautonomeregionmadridkingdomofspain lasrozasdemadridautonomeregionmadridreinodeespana lasrozasdemadridautonomeregionmadridspain lasrozasdemadridautonomeregionmadridspanien lasrozasdemadridautonomeregionmadridspanishstate lasrozasdemadridautonomousregionofmadridespanha lasrozasdemadridautonomousregionofmadridestadoespanol lasrozasdemadridautonomousregionofmadridhiszpania lasrozasdemadridautonomousregionofmadridkingdomofspain lasrozasdemadridautonomousregionofmadridreinodeespana lasrozasdemadridautonomousregionofmadridspain lasrozasdemadridautonomousregionofmadridspanien lasrozasdemadridautonomousregionofmadridspanishstate lasrozasdemadridcommunityofmadridespanha lasrozasdemadridcommunityofmadridestadoespanol lasrozasdemadridcommunityofmadridhiszpania lasrozasdemadridcommunityofmadridkingdomofspain lasrozasdemadridcommunityofmadridreinodeespana lasrozasdemadridcommunityofmadridspain lasrozasdemadridcommunityofmadridspanien lasrozasdemadridcommunityofmadridspanishstate lasrozasdemadridcomunidadautonomademadridespanha lasrozasdemadridcomunidadautonomademadridestadoespanol lasrozasdemadridcomunidadautonomademadridhiszpania lasrozasdemadridcomunidadautonomademadridkingdomofspain lasrozasdemadridcomunidadautonomademadridreinodeespana lasrozasdemadridcomunidadautonomademadridspain lasrozasdemadridcomunidadautonomademadridspanien lasrozasdemadridcomunidadautonomademadridspanishstate lasrozasdemadridcomunidaddemadridespanha lasrozasdemadridcomunidaddemadridestadoespanol lasrozasdemadridcomunidaddemadridhiszpania lasrozasdemadridcomunidaddemadridkingdomofspain lasrozasdemadridcomunidaddemadridreinodeespana lasrozasdemadridcomunidaddemadridspain lasrozasdemadridcomunidaddemadridspanien lasrozasdemadridcomunidaddemadridspanishstate lasrozasdemadridespanha lasrozasdemadridestadoespanol lasrozasdemadridhiszpania lasrozasdemadridkingdomofspain lasrozasdemadridmadridespanha lasrozasdemadridmadridestadoespanol lasrozasdemadridmadridhiszpania lasrozasdemadridmadridkingdomofspain lasrozasdemadridmadridreinodeespana lasrozasdemadridmadridspain lasrozasdemadridmadridspanien lasrozasdemadridmadridspanishstate lasrozasdemadridregiondemadridespanha lasrozasdemadridregiondemadridestadoespanol lasrozasdemadridregiondemadridhiszpania lasrozasdemadridregiondemadridkingdomofspain lasrozasdemadridregiondemadridreinodeespana lasrozasdemadridregiondemadridspain lasrozasdemadridregiondemadridspanien lasrozasdemadridregiondemadridspanishstate lasrozasdemadridreinodeespana lasrozasdemadridspain lasrozasdemadridspanien lasrozasdemadridspanishstate",
      "slug": "las-rozas-de-madrid",
      "status": "ACTIVE"
    },
    "model": "geo.city",
    "pk": 607
  },
  {
    "fields": {
      "alternate_names": "",
      "country": 4,
      "display_name": "Humanes de Madrid, Madrid, Spain",
      "feature_code": "PPLA3",
      "geoname_id": 3120501,
      "latitude": "40.25038",
      "longitude": "-3.83062",
      "name": "Humanes de Madrid",
      "name_ascii": "Humanes de Madrid",
      "population": 18098,
      "region": 89,
      "search_names": "humanesdemadridautonomegemeinschaftmadridespanha humanesdemadridautonomegemeinschaftmadridestadoespanol humanesdemadridautonomegemeinschaftmadridhiszpania humanesdemadridautonomegemeinschaftmadridkingdomofspain humanesdemadridautonomegemeinschaftmadridreinodeespana humanesdemadridautonomegemeinschaftmadridspain humanesdemadridautonomegemeinschaftmadridspanien humanesdemadridautonomegemeinschaftmadridspanishstate humanesdemadridautonomeregionmadridespanha humanesdemadridautonomeregionmadridestadoespanol humanesdemadridautonomeregionmadridhiszpania humanesdemadridautonomeregionmadridkingdomofspain humanesdemadridautonomeregionmadridreinodeespana humanesdemadridautonomeregionmadridspain humanesdemadridautonomeregionmadridspanien humanesdemadridautonomeregionmadridspanishstate humanesdemadridautonomousregionofmadridespanha humanesdemadridautonomousregionofmadridestadoespanol humanesdemadridautonomousregionofmadridhiszpania humanesdemadridautonomousregionofmadridkingdomofspain humanesdemadridautonomousregionofmadridreinodeespana humanesdemadridautonomousregionofmadridspain humanesdemadridautonomousregionofmadridspanien humanesdemadridautonomousregionofmadridspanishstate humanesdemadridcommunityofmadridespanha humanesdemadridcommunityofmadridestadoespanol humanesdemadridcommunityofmadridhiszpania humanesdemadridcommunityofmadridkingdomofspain humanesdemadridcommunityofmadridreinodeespana humanesdemadridcommunityofmadridspain humanesdemadridcommunityofmadridspanien humanesdemadridcommunityofmadridspanishstate humanesdemadridcomunidadautonomademadridespanha humanesdemadridcomunidadautonomademadridestadoespanol humanesdemadridcomunidadautonomademadridhiszpania humanesdemadridcomunidadautonomademadridkingdomofspain humanesdemadridcomunidadautonomademadridreinodeespana humanesdemadridcomunidadautonomademadridspain humanesdemadridcomunidadautonomademadridspanien humanesdemadridcomunidadautonomademadridspanishstate humanesdemadridcomunidaddemadridespanha humanesdemadridcomunidaddemadridestadoespanol humanesdemadridcomunidaddemadridhiszpania humanesdemadridcomunidaddemadridkingdomofspain humanesdemadridcomunidaddemadridreinodeespana humanesdemadridcomunidaddemadridspain humanesdemadridcomunidaddemadridspanien humanesdemadridcomunidaddemadridspanishstate humanesdemadridespanha humanesdemadridestadoespanol humanesdemadridhiszpania humanesdemadridkingdomofspain humanesdemadridmadridespanha humanesdemadridmadridestadoespanol humanesdemadridmadridhiszpania humanesdemadridmadridkingdomofspain humanesdemadridmadridreinodeespana humanesdemadridmadridspain humanesdemadridmadridspanien humanesdemadridmadridspanishstate humanesdemadridregiondemadridespanha humanesdemadridregiondemadridestadoespanol humanesdemadridregiondemadridhiszpania humanesdemadridregiondemadridkingdomofspain humanesdemadridregiondemadridreinodeespana humanesdemadridregiondemadridspain humanesdemadridregiondemadridspanien humanesdemadridregiondemadridspanishstate humanesdemadridreinodeespana humanesdemadridspain humanesdemadridspanien humanesdemadridspanishstate",
      "slug": "humanes-de-madrid",
      "status": "ACTIVE"
    },
    "model": "geo.city",
    "pk": 617
  },
  {
    "fields": {
      "alternate_names": "",
      "country": 4,
      "display_name": "Getafe, Madrid, Spain",
      "feature_code": "PPLA3",
      "geoname_id": 3121437,
      "latitude": "40.30571",
      "longitude": "-3.73295",
      "name": "Getafe",
      "name_ascii": "Getafe",
      "population": 167164,
      "region": 89,
      "search_names": "getafeautonomegemeinschaftmadridespanha getafeautonomegemeinschaftmadridestadoespanol getafeautonomegemeinschaftmadridhiszpania getafeautonomegemeinschaftmadridkingdomofspain getafeautonomegemeinschaftmadridreinodeespana getafeautonomegemeinschaftmadridspain getafeautonomegemeinschaftmadridspanien getafeautonomegemeinschaftmadridspanishstate getafeautonomeregionmadridespanha getafeautonomeregionmadridestadoespanol getafeautonomeregionmadridhiszpania getafeautonomeregionmadridkingdomofspain getafeautonomeregionmadridreinodeespana getafeautonomeregionmadridspain getafeautonomeregionmadridspanien getafeautonomeregionmadridspanishstate getafeautonomousregionofmadridespanha getafeautonomousregionofmadridestadoespanol getafeautonomousregionofmadridhiszpania getafeautonomousregionofmadridkingdomofspain getafeautonomousregionofmadridreinodeespana getafeautonomousregionofmadridspain getafeautonomousregionofmadridspanien getafeautonomousregionofmadridspanishstate getafecommunityofmadridespanha getafecommunityofmadridestadoespanol getafecommunityofmadridhiszpania getafecommunityofmadridkingdomofspain getafecommunityofmadridreinodeespana getafecommunityofmadridspain getafecommunityofmadridspanien getafecommunityofmadridspanishstate getafecomunidadautonomademadridespanha getafecomunidadautonomademadridestadoespanol getafecomunidadautonomademadridhiszpania getafecomunidadautonomademadridkingdomofspain getafecomunidadautonomademadridreinodeespana getafecomunidadautonomademadridspain getafecomunidadautonomademadridspanien getafecomunidadautonomademadridspanishstate getafecomunidaddemadridespanha getafecomunidaddemadridestadoespanol getafecomunidaddemadridhiszpania getafecomunidaddemadridkingdomofspain getafecomunidaddemadridreinodeespana getafecomunidaddemadridspain getafecomunidaddemadridspanien getafecomunidaddemadridspanishstate getafeespanha getafeestadoespanol getafehiszpania getafekingdomofspain getafemadridespanha getafemadridestadoespanol getafemadridhiszpania getafemadridkingdomofspain getafemadridreinodeespana getafemadridspain getafemadridspanien getafemadridspanishstate getaferegiondemadridespanha getaferegiondemadridestadoespanol getaferegiondemadridhiszpania getaferegiondemadridkingdomofspain getaferegiondemadridreinodeespana getaferegiondemadridspain getaferegiondemadridspanien getaferegiondemadridspanishstate getafereinodeespana getafespain getafespanien getafespanishstate",
      "slug": "getafe",
      "status": "ACTIVE"
    },
    "model": "geo.city",
    "pk": 626
  },
  {
    "fields": {
      "alternate_names": "",
      "country": 4,
      "display_name": "Galapagar, Madrid, Spain",
      "feature_code": "PPLA3",
      "geoname_id": 3121766,
      "latitude": "40.57830",
      "longitude": "-4.00426",
      "name": "Galapagar",
      "name_ascii": "Galapagar",
      "population": 31820,
      "region": 89,
      "search_names": "galapagarautonomegemeinschaftmadridespanha galapagarautonomegemeinschaftmadridestadoespanol galapagarautonomegemeinschaftmadridhiszpania galapagarautonomegemeinschaftmadridkingdomofspain galapagarautonomegemeinschaftmadridreinodeespana galapagarautonomegemeinschaftmadridspain galapagarautonomegemeinschaftmadridspanien galapagarautonomegemeinschaftmadridspanishstate galapagarautonomeregionmadridespanha galapagarautonomeregionmadridestadoespanol galapagarautonomeregionmadridhiszpania galapagarautonomeregionmadridkingdomofspain galapagarautonomeregionmadridreinodeespana galapagarautonomeregionmadridspain galapagarautonomeregionmadridspanien galapagarautonomeregionmadridspanishstate galapagarautonomousregionofmadridespanha galapagarautonomousregionofmadridestadoespanol galapagarautonomousregionofmadridhiszpania galapagarautonomousregionofmadridkingdomofspain galapagarautonomousregionofmadridreinodeespana galapagarautonomousregionofmadridspain galapagarautonomousregionofmadridspanien galapagarautonomousregionofmadridspanishstate galapagarcommunityofmadridespanha galapagarcommunityofmadridestadoespanol galapagarcommunityofmadridhiszpania galapagarcommunityofmadridkingdomofspain galapagarcommunityofmadridreinodeespana galapagarcommunityofmadridspain galapagarcommunityofmadridspanien galapagarcommunityofmadridspanishstate galapagarcomunidadautonomademadridespanha galapagarcomunidadautonomademadridestadoespanol galapagarcomunidadautonomademadridhiszpania galapagarcomunidadautonomademadridkingdomofspain galapagarcomunidadautonomademadridreinodeespana galapagarcomunidadautonomademadridspain galapagarcomunidadautonomademadridspanien galapagarcomunidadautonomademadridspanishstate galapagarcomunidaddemadridespanha galapagarcomunidaddemadridestadoespanol galapagarcomunidaddemadridhiszpania galapagarcomunidaddemadridkingdomofspain galapagarcomunidaddemadridreinodeespana galapagarcomunidaddemadridspain galapagarcomunidaddemadridspanien galapagarcomunidaddemadridspanishstate galapagarespanha galapagarestadoespanol galapagarhiszpania galapagarkingdomofspain galapagarmadridespanha galapagarmadridestadoespanol galapagarmadridhiszpania galapagarmadridkingdomofspain galapagarmadridreinodeespana galapagarmadridspain galapagarmadridspanien galapagarmadridspanishstate galapagarregiondemadridespanha galapagarregiondemadridestadoespanol galapagarregiondemadridhiszpania galapagarregiondemadridkingdomofspain galapagarregiondemadridreinodeespana galapagarregiondemadridspain galapagarregiondemadridspanien galapagarregiondemadridspanishstate galapagarreinodeespana galapagarspain galapagarspanien galapagarspanishstate",
      "slug": "galapagar",
      "status": "ACTIVE"
    },
    "model": "geo.city",
    "pk": 630
  },
  {
    "fields": {
      "alternate_names": "",
      "country": 4,
      "display_name": "Fuenlabrada, Madrid, Spain",
      "feature_code": "PPLA3",
      "geoname_id": 3121960,
      "latitude": "40.28419",
      "longitude": "-3.79415",
      "name": "Fuenlabrada",
      "name_ascii": "Fuenlabrada",
      "population": 197836,
      "region": 89,
      "search_names": "fuenlabradaautonomegemeinschaftmadridespanha fuenlabradaautonomegemeinschaftmadridestadoespanol fuenlabradaautonomegemeinschaftmadridhiszpania fuenlabradaautonomegemeinschaftmadridkingdomofspain fuenlabradaautonomegemeinschaftmadridreinodeespana fuenlabradaautonomegemeinschaftmadridspain fuenlabradaautonomegemeinschaftmadridspanien fuenlabradaautonomegemeinschaftmadridspanishstate fuenlabradaautonomeregionmadridespanha fuenlabradaautonomeregionmadridestadoespanol fuenlabradaautonomeregionmadridhiszpania fuenlabradaautonomeregionmadridkingdomofspain fuenlabradaautonomeregionmadridreinodeespana fuenlabradaautonomeregionmadridspain fuenlabradaautonomeregionmadridspanien fuenlabradaautonomeregionmadridspanishstate fuenlabradaautonomousregionofmadridespanha fuenlabradaautonomousregionofmadridestadoespanol fuenlabradaautonomousregionofmadridhiszpania fuenlabradaautonomousregionofmadridkingdomofspain fuenlabradaautonomousregionofmadridreinodeespana fuenlabradaautonomousregionofmadridspain fuenlabradaautonomousregionofmadridspanien fuenlabradaautonomousregionofmadridspanishstate fuenlabradacommunityofmadridespanha fuenlabradacommunityofmadridestadoespanol fuenlabradacommunityofmadridhiszpania fuenlabradacommunityofmadridkingdomofspain fuenlabradacommunityofmadridreinodeespana fuenlabradacommunityofmadridspain fuenlabradacommunityofmadridspanien fuenlabradacommunityofmadridspanishstate fuenlabradacomunidadautonomademadridespanha fuenlabradacomunidadautonomademadridestadoespanol fuenlabradacomunidadautonomademadridhiszpania fuenlabradacomunidadautonomademadridkingdomofspain fuenlabradacomunidadautonomademadridreinodeespana fuenlabradacomunidadautonomademadridspain fuenlabradacomunidadautonomademadridspanien fuenlabradacomunidadautonomademadridspanishstate fuenlabradacomunidaddemadridespanha fuenlabradacomunidaddemadridestadoespanol fuenlabradacomunidaddemadridhiszpania fuenlabradacomunidaddemadridkingdomofspain fuenlabradacomunidaddemadridreinodeespana fuenlabradacomunidaddemadridspain fuenlabradacomunidaddemadridspanien fuenlabradacomunidaddemadridspanishstate fuenlabradaespanha fuenlabradaestadoespanol fuenlabradahiszpania fuenlabradakingdomofspain fuenlabradamadridespanha fuenlabradamadridestadoespanol fuenlabradamadridhiszpania fuenlabradamadridkingdomofspain fuenlabradamadridreinodeespana fuenlabradamadridspain fuenlabradamadridspanien fuenlabradamadridspanishstate fuenlabradaregiondemadridespanha fuenlabradaregiondemadridestadoespanol fuenlabradaregiondemadridhiszpania fuenlabradaregiondemadridkingdomofspain fuenlabradaregiondemadridreinodeespana fuenlabradaregiondemadridspain fuenlabradaregiondemadridspanien fuenlabradaregiondemadridspanishstate fuenlabradareinodeespana fuenlabradaspain fuenlabradaspanien fuenlabradaspanishstate",
      "slug": "fuenlabrada",
      "status": "ACTIVE"
    },
    "model": "geo.city",
    "pk": 632
  },
  {
    "fields": {
      "alternate_names": "",
      "country": 4,
      "display_name": "Coslada, Madrid, Spain",
      "feature_code": "PPLA3",
      "geoname_id": 3124408,
      "latitude": "40.42378",
      "longitude": "-3.56129",
      "name": "Coslada",
      "name_ascii": "Coslada",
      "population": 90280,
      "region": 89,
      "search_names": "cosladaautonomegemeinschaftmadridespanha cosladaautonomegemeinschaftmadridestadoespanol cosladaautonomegemeinschaftmadridhiszpania cosladaautonomegemeinschaftmadridkingdomofspain cosladaautonomegemeinschaftmadridreinodeespana cosladaautonomegemeinschaftmadridspain cosladaautonomegemeinschaftmadridspanien cosladaautonomegemeinschaftmadridspanishstate cosladaautonomeregionmadridespanha cosladaautonomeregionmadridestadoespanol cosladaautonomeregionmadridhiszpania cosladaautonomeregionmadridkingdomofspain cosladaautonomeregionmadridreinodeespana cosladaautonomeregionmadridspain cosladaautonomeregionmadridspanien cosladaautonomeregionmadridspanishstate cosladaautonomousregionofmadridespanha cosladaautonomousregionofmadridestadoespanol cosladaautonomousregionofmadridhiszpania cosladaautonomousregionofmadridkingdomofspain cosladaautonomousregionofmadridreinodeespana cosladaautonomousregionofmadridspain cosladaautonomousregionofmadridspanien cosladaautonomousregionofmadridspanishstate cosladacommunityofmadridespanha cosladacommunityofmadridestadoespanol cosladacommunityofmadridhiszpania cosladacommunityofmadridkingdomofspain cosladacommunityofmadridreinodeespana cosladacommunityofmadridspain cosladacommunityofmadridspanien cosladacommunityofmadridspanishstate cosladacomunidadautonomademadridespanha cosladacomunidadautonomademadridestadoespanol cosladacomunidadautonomademadridhiszpania cosladacomunidadautonomademadridkingdomofspain cosladacomunidadautonomademadridreinodeespana cosladacomunidadautonomademadridspain cosladacomunidadautonomademadridspanien cosladacomunidadautonomademadridspanishstate cosladacomunidaddemadridespanha cosladacomunidaddemadridestadoespanol cosladacomunidaddemadridhiszpania cosladacomunidaddemadridkingdomofspain cosladacomunidaddemadridreinodeespana cosladacomunidaddemadridspain cosladacomunidaddemadridspanien cosladacomunidaddemadridspanishstate cosladaespanha cosladaestadoespanol cosladahiszpania cosladakingdomofspain cosladamadridespanha cosladamadridestadoespanol cosladamadridhiszpania cosladamadridkingdomofspain cosladamadridreinodeespana cosladamadridspain cosladamadridspanien cosladamadridspanishstate cosladaregiondemadridespanha cosladaregiondemadridestadoespanol cosladaregiondemadridhiszpania cosladaregiondemadridkingdomofspain cosladaregiondemadridreinodeespana cosladaregiondemadridspain cosladaregiondemadridspanien cosladaregiondemadridspanishstate cosladareinodeespana cosladaspain cosladaspanien cosladaspanishstate",
      "slug": "coslada",
      "status": "ACTIVE"
    },
    "model": "geo.city",
    "pk": 647
  },
  {
    "fields": {
      "alternate_names": "",
      "country": 4,
      "display_name": "Colmenar Viejo, Madrid, Spain",
      "feature_code": "PPLA3",
      "geoname_id": 3124765,
      "latitude": "40.65909",
      "longitude": "-3.76762",
      "name": "Colmenar Viejo",
      "name_ascii": "Colmenar Viejo",
      "population": 43700,
      "region": 89,
      "search_names": "colmenarviejoautonomegemeinschaftmadridespanha colmenarviejoautonomegemeinschaftmadridestadoespanol colmenarviejoautonomegemeinschaftmadridhiszpania colmenarviejoautonomegemeinschaftmadridkingdomofspain colmenarviejoautonomegemeinschaftmadridreinodeespana colmenarviejoautonomegemeinschaftmadridspain colmenarviejoautonomegemeinschaftmadridspanien colmenarviejoautonomegemeinschaftmadridspanishstate colmenarviejoautonomeregionmadridespanha colmenarviejoautonomeregionmadridestadoespanol colmenarviejoautonomeregionmadridhiszpania colmenarviejoautonomeregionmadridkingdomofspain colmenarviejoautonomeregionmadridreinodeespana colmenarviejoautonomeregionmadridspain colmenarviejoautonomeregionmadridspanien colmenarviejoautonomeregionmadridspanishstate colmenarviejoautonomousregionofmadridespanha colmenarviejoautonomousregionofmadridestadoespanol colmenarviejoautonomousregionofmadridhiszpania colmenarviejoautonomousregionofmadridkingdomofspain colmenarviejoautonomousregionofmadridreinodeespana colmenarviejoautonomousregionofmadridspain colmenarviejoautonomousregionofmadridspanien colmenarviejoautonomousregionofmadridspanishstate colmenarviejocommunityofmadridespanha colmenarviejocommunityofmadridestadoespanol colmenarviejocommunityofmadridhiszpania colmenarviejocommunityofmadridkingdomofspain colmenarviejocommunityofmadridreinodeespana colmenarviejocommunityofmadridspain colmenarviejocommunityofmadridspanien colmenarviejocommunityofmadridspanishstate colmenarviejocomunidadautonomademadridespanha colmenarviejocomunidadautonomademadridestadoespanol colmenarviejocomunidadautonomademadridhiszpania colmenarviejocomunidadautonomademadridkingdomofspain colmenarviejocomunidadautonomademadridreinodeespana colmenarviejocomunidadautonomademadridspain colmenarviejocomunidadautonomademadridspanien colmenarviejocomunidadautonomademadridspanishstate colmenarviejocomunidaddemadridespanha colmenarviejocomunidaddemadridestadoespanol colmenarviejocomunidaddemadridhiszpania colmenarviejocomunidaddemadridkingdomofspain colmenarviejocomunidaddemadridreinodeespana colmenarviejocomunidaddemadridspain colmenarviejocomunidaddemadridspanien colmenarviejocomunidaddemadridspanishstate colmenarviejoespanha colmenarviejoestadoespanol colmenarviejohiszpania colmenarviejokingdomofspain colmenarviejomadridespanha colmenarviejomadridestadoespanol colmenarviejomadridhiszpania colmenarviejomadridkingdomofspain colmenarviejomadridreinodeespana colmenarviejomadridspain colmenarviejomadridspanien colmenarviejomadridspanishstate colmenarviejoregiondemadridespanha colmenarviejoregiondemadridestadoespanol colmenarviejoregiondemadridhiszpania colmenarviejoregiondemadridkingdomofspain colmenarviejoregiondemadridreinodeespana colmenarviejoregiondemadridspain colmenarviejoregiondemadridspanien colmenarviejoregiondemadridspanishstate colmenarviejoreinodeespana colmenarviejospain colmenarviejospanien colmenarviejospanishstate",
      "slug": "colmenar-viejo",
      "status": "ACTIVE"
    },
    "model": "geo.city",
    "pk": 649
  },
  {
    "fields": {
      "alternate_names": "Collado Villalba",
      "country": 4,
      "display_name": "Collado-Villalba, Madrid, Spain",
      "feature_code": "PPL",
      "geoname_id": 3124794,
      "latitude": "40.63506",
      "longitude": "-4.00486",
      "name": "Collado-Villalba",
      "name_ascii": "Collado-Villalba",
      "population": 55027,
      "region": 89,
      "search_names": "colladovillalbaautonomegemeinschaftmadridespanha colladovillalbaautonomegemeinschaftmadridestadoespanol colladovillalbaautonomegemeinschaftmadridhiszpania colladovillalbaautonomegemeinschaftmadridkingdomofspain colladovillalbaautonomegemeinschaftmadridreinodeespana colladovillalbaautonomegemeinschaftmadridspain colladovillalbaautonomegemeinschaftmadridspanien colladovillalbaautonomegemeinschaftmadridspanishstate colladovillalbaautonomeregionmadridespanha colladovillalbaautonomeregionmadridestadoespanol colladovillalbaautonomeregionmadridhiszpania colladovillalbaautonomeregionmadridkingdomofspain colladovillalbaautonomeregionmadridreinodeespana colladovillalbaautonomeregionmadridspain colladovillalbaautonomeregionmadridspanien colladovillalbaautonomeregionmadridspanishstate colladovillalbaautonomousregionofmadridespanha colladovillalbaautonomousregionofmadridestadoespanol colladovillalbaautonomousregionofmadridhiszpania colladovillalbaautonomousregionofmadridkingdomofspain colladovillalbaautonomousregionofmadridreinodeespana colladovillalbaautonomousregionofmadridspain colladovillalbaautonomousregionofmadridspanien colladovillalbaautonomousregionofmadridspanishstate colladovillalbacommunityofmadridespanha colladovillalbacommunityofmadridestadoespanol colladovillalbacommunityofmadridhiszpania colladovillalbacommunityofmadridkingdomofspain colladovillalbacommunityofmadridreinodeespana colladovillalbacommunityofmadridspain colladovillalbacommunityofmadridspanien colladovillalbacommunityofmadridspanishstate colladovillalbacomunidadautonomademadridespanha colladovillalbacomunidadautonomademadridestadoespanol colladovillalbacomunidadautonomademadridhiszpania colladovillalbacomunidadautonomademadridkingdomofspain colladovillalbacomunidadautonomademadridreinodeespana colladovillalbacomunidadautonomademadridspain colladovillalbacomunidadautonomademadridspanien colladovillalbacomunidadautonomademadridspanishstate colladovillalbacomunidaddemadridespanha colladovillalbacomunidaddemadridestadoespanol colladovillalbacomunidaddemadridhiszpania colladovillalbacomunidaddemadridkingdomofspain colladovillalbacomunidaddemadridreinodeespana colladovillalbacomunidaddemadridspain colladovillalbacomunidaddemadridspanien colladovillalbacomunidaddemadridspanishstate colladovillalbaespanha colladovillalbaestadoespanol colladovillalbahiszpania colladovillalbakingdomofspain colladovillalbamadridespanha colladovillalbamadridestadoespanol colladovillalbamadridhiszpania colladovillalbamadridkingdomofspain colladovillalbamadridreinodeespana colladovillalbamadridspain colladovillalbamadridspanien colladovillalbamadridspanishstate colladovillalbaregiondemadridespanha colladovillalbaregiondemadridestadoespanol colladovillalbaregiondemadridhiszpania colladovillalbaregiondemadridkingdomofspain colladovillalbaregiondemadridreinodeespana colladovillalbaregiondemadridspain colladovillalbaregiondemadridspanien colladovillalbaregiondemadridspanishstate colladovillalbareinodeespana colladovillalbaspain colladovillalbaspanien colladovillalbaspanishstate",
      "slug": "collado-villalba",
      "status": "ACTIVE"
    },
    "model": "geo.city",
    "pk": 650
  },
  {
    "fields": {
      "alternate_names": "",
      "country": 4,
      "display_name": "Ciudad Lineal, Madrid, Spain",
      "feature_code": "PPL",
      "geoname_id": 3124964,
      "latitude": "40.44505",
      "longitude": "-3.65132",
      "name": "Ciudad Lineal",
      "name_ascii": "Ciudad Lineal",
      "population": 228171,
      "region": 89,
      "search_names": "ciudadlinealautonomegemeinschaftmadridespanha ciudadlinealautonomegemeinschaftmadridestadoespanol ciudadlinealautonomegemeinschaftmadridhiszpania ciudadlinealautonomegemeinschaftmadridkingdomofspain ciudadlinealautonomegemeinschaftmadridreinodeespana ciudadlinealautonomegemeinschaftmadridspain ciudadlinealautonomegemeinschaftmadridspanien ciudadlinealautonomegemeinschaftmadridspanishstate ciudadlinealautonomeregionmadridespanha ciudadlinealautonomeregionmadridestadoespanol ciudadlinealautonomeregionmadridhiszpania ciudadlinealautonomeregionmadridkingdomofspain ciudadlinealautonomeregionmadridreinodeespana ciudadlinealautonomeregionmadridspain ciudadlinealautonomeregionmadridspanien ciudadlinealautonomeregionmadridspanishstate ciudadlinealautonomousregionofmadridespanha ciudadlinealautonomousregionofmadridestadoespanol ciudadlinealautonomousregionofmadridhiszpania ciudadlinealautonomousregionofmadridkingdomofspain ciudadlinealautonomousregionofmadridreinodeespana ciudadlinealautonomousregionofmadridspain ciudadlinealautonomousregionofmadridspanien ciudadlinealautonomousregionofmadridspanishstate ciudadlinealcommunityofmadridespanha ciudadlinealcommunityofmadridestadoespanol ciudadlinealcommunityofmadridhiszpania ciudadlinealcommunityofmadridkingdomofspain ciudadlinealcommunityofmadridreinodeespana ciudadlinealcommunityofmadridspain ciudadlinealcommunityofmadridspanien ciudadlinealcommunityofmadridspanishstate ciudadlinealcomunidadautonomademadridespanha ciudadlinealcomunidadautonomademadridestadoespanol ciudadlinealcomunidadautonomademadridhiszpania ciudadlinealcomunidadautonomademadridkingdomofspain ciudadlinealcomunidadautonomademadridreinodeespana ciudadlinealcomunidadautonomademadridspain ciudadlinealcomunidadautonomademadridspanien ciudadlinealcomunidadautonomademadridspanishstate ciudadlinealcomunidaddemadridespanha ciudadlinealcomunidaddemadridestadoespanol ciudadlinealcomunidaddemadridhiszpania ciudadlinealcomunidaddemadridkingdomofspain ciudadlinealcomunidaddemadridreinodeespana ciudadlinealcomunidaddemadridspain ciudadlinealcomunidaddemadridspanien ciudadlinealcomunidaddemadridspanishstate ciudadlinealespanha ciudadlinealestadoespanol ciudadlinealhiszpania ciudadlinealkingdomofspain ciudadlinealmadridespanha ciudadlinealmadridestadoespanol ciudadlinealmadridhiszpania ciudadlinealmadridkingdomofspain ciudadlinealmadridreinodeespana ciudadlinealmadridspain ciudadlinealmadridspanien ciudadlinealmadridspanishstate ciudadlinealregiondemadridespanha ciudadlinealregiondemadridestadoespanol ciudadlinealregiondemadridhiszpania ciudadlinealregiondemadridkingdomofspain ciudadlinealregiondemadridreinodeespana ciudadlinealregiondemadridspain ciudadlinealregiondemadridspanien ciudadlinealregiondemadridspanishstate ciudadlinealreinodeespana ciudadlinealspain ciudadlinealspanien ciudadlinealspanishstate",
      "slug": "ciudad-lineal",
      "status": "ACTIVE"
    },
    "model": "geo.city",
    "pk": 651
  },
  {
    "fields": {
      "alternate_names": "",
      "country": 4,
      "display_name": "Ciempozuelos, Madrid, Spain",
      "feature_code": "PPLA3",
      "geoname_id": 3125082,
      "latitude": "40.15913",
      "longitude": "-3.62103",
      "name": "Ciempozuelos",
      "name_ascii": "Ciempozuelos",
      "population": 22132,
      "region": 89,
      "search_names": "ciempozuelosautonomegemeinschaftmadridespanha ciempozuelosautonomegemeinschaftmadridestadoespanol ciempozuelosautonomegemeinschaftmadridhiszpania ciempozuelosautonomegemeinschaftmadridkingdomofspain ciempozuelosautonomegemeinschaftmadridreinodeespana ciempozuelosautonomegemeinschaftmadridspain ciempozuelosautonomegemeinschaftmadridspanien ciempozuelosautonomegemeinschaftmadridspanishstate ciempozuelosautonomeregionmadridespanha ciempozuelosautonomeregionmadridestadoespanol ciempozuelosautonomeregionmadridhiszpania ciempozuelosautonomeregionmadridkingdomofspain ciempozuelosautonomeregionmadridreinodeespana ciempozuelosautonomeregionmadridspain ciempozuelosautonomeregionmadridspanien ciempozuelosautonomeregionmadridspanishstate ciempozuelosautonomousregionofmadridespanha ciempozuelosautonomousregionofmadridestadoespanol ciempozuelosautonomousregionofmadridhiszpania ciempozuelosautonomousregionofmadridkingdomofspain ciempozuelosautonomousregionofmadridreinodeespana ciempozuelosautonomousregionofmadridspain ciempozuelosautonomousregionofmadridspanien ciempozuelosautonomousregionofmadridspanishstate ciempozueloscommunityofmadridespanha ciempozueloscommunityofmadridestadoespanol ciempozueloscommunityofmadridhiszpania ciempozueloscommunityofmadridkingdomofspain ciempozueloscommunityofmadridreinodeespana ciempozueloscommunityofmadridspain ciempozueloscommunityofmadridspanien ciempozueloscommunityofmadridspanishstate ciempozueloscomunidadautonomademadridespanha ciempozueloscomunidadautonomademadridestadoespanol ciempozueloscomunidadautonomademadridhiszpania ciempozueloscomunidadautonomademadridkingdomofspain ciempozueloscomunidadautonomademadridreinodeespana ciempozueloscomunidadautonomademadridspain ciempozueloscomunidadautonomademadridspanien ciempozueloscomunidadautonomademadridspanishstate ciempozueloscomunidaddemadridespanha ciempozueloscomunidaddemadridestadoespanol ciempozueloscomunidaddemadridhiszpania ciempozueloscomunidaddemadridkingdomofspain ciempozueloscomunidaddemadridreinodeespana ciempozueloscomunidaddemadridspain ciempozueloscomunidaddemadridspanien ciempozueloscomunidaddemadridspanishstate ciempozuelosespanha ciempozuelosestadoespanol ciempozueloshiszpania ciempozueloskingdomofspain ciempozuelosmadridespanha ciempozuelosmadridestadoespanol ciempozuelosmadridhiszpania ciempozuelosmadridkingdomofspain ciempozuelosmadridreinodeespana ciempozuelosmadridspain ciempozuelosmadridspanien ciempozuelosmadridspanishstate ciempozuelosregiondemadridespanha ciempozuelosregiondemadridestadoespanol ciempozuelosregiondemadridhiszpania ciempozuelosregiondemadridkingdomofspain ciempozuelosregiondemadridreinodeespana ciempozuelosregiondemadridspain ciempozuelosregiondemadridspanien ciempozuelosregiondemadridspanishstate ciempozuelosreinodeespana ciempozuelosspain ciempozuelosspanien ciempozuelosspanishstate",
      "slug": "ciempozuelos",
      "status": "ACTIVE"
    },
    "model": "geo.city",
    "pk": 653
  },
  {
    "fields": {
      "alternate_names": "Chamartin",
      "country": 4,
      "display_name": "Chamartín, Madrid, Spain",
      "feature_code": "PPL",
      "geoname_id": 3125239,
      "latitude": "40.46206",
      "longitude": "-3.67660",
      "name": "Chamartín",
      "name_ascii": "Chamartin",
      "population": 140000,
      "region": 89,
      "search_names": "chamartinautonomegemeinschaftmadridespanha chamartinautonomegemeinschaftmadridestadoespanol chamartinautonomegemeinschaftmadridhiszpania chamartinautonomegemeinschaftmadridkingdomofspain chamartinautonomegemeinschaftmadridreinodeespana chamartinautonomegemeinschaftmadridspain chamartinautonomegemeinschaftmadridspanien chamartinautonomegemeinschaftmadridspanishstate chamartinautonomeregionmadridespanha chamartinautonomeregionmadridestadoespanol chamartinautonomeregionmadridhiszpania chamartinautonomeregionmadridkingdomofspain chamartinautonomeregionmadridreinodeespana chamartinautonomeregionmadridspain chamartinautonomeregionmadridspanien chamartinautonomeregionmadridspanishstate chamartinautonomousregionofmadridespanha chamartinautonomousregionofmadridestadoespanol chamartinautonomousregionofmadridhiszpania chamartinautonomousregionofmadridkingdomofspain chamartinautonomousregionofmadridreinodeespana chamartinautonomousregionofmadridspain chamartinautonomousregionofmadridspanien chamartinautonomousregionofmadridspanishstate chamartincommunityofmadridespanha chamartincommunityofmadridestadoespanol chamartincommunityofmadridhiszpania chamartincommunityofmadridkingdomofspain chamartincommunityofmadridreinodeespana chamartincommunityofmadridspain chamartincommunityofmadridspanien chamartincommunityofmadridspanishstate chamartincomunidadautonomademadridespanha chamartincomunidadautonomademadridestadoespanol chamartincomunidadautonomademadridhiszpania chamartincomunidadautonomademadridkingdomofspain chamartincomunidadautonomademadridreinodeespana chamartincomunidadautonomademadridspain chamartincomunidadautonomademadridspanien chamartincomunidadautonomademadridspanishstate chamartincomunidaddemadridespanha chamartincomunidaddemadridestadoespanol chamartincomunidaddemadridhiszpania chamartincomunidaddemadridkingdomofspain chamartincomunidaddemadridreinodeespana chamartincomunidaddemadridspain chamartincomunidaddemadridspanien chamartincomunidaddemadridspanishstate chamartinespanha chamartinestadoespanol chamartinhiszpania chamartinkingdomofspain chamartinmadridespanha chamartinmadridestadoespanol chamartinmadridhiszpania chamartinmadridkingdomofspain chamartinmadridreinodeespana chamartinmadridspain chamartinmadridspanien chamartinmadridspanishstate chamartinregiondemadridespanha chamartinregiondemadridestadoespanol chamartinregiondemadridhiszpania chamartinregiondemadridkingdomofspain chamartinregiondemadridreinodeespana chamartinregiondemadridspain chamartinregiondemadridspanien chamartinregiondemadridspanishstate chamartinreinodeespana chamartinspain chamartinspanien chamartinspanishstate",
      "slug": "chamartin",
      "status": "ACTIVE"
    },
    "model": "geo.city",
    "pk": 654
  },
  {
    "fields": {
      "alternate_names": "",
      "country": 4,
      "display_name": "Boadilla del Monte, Madrid, Spain",
      "feature_code": "PPLA3",
      "geoname_id": 3127958,
      "latitude": "40.40500",
      "longitude": "-3.87835",
      "name": "Boadilla del Monte",
      "name_ascii": "Boadilla del Monte",
      "population": 43414,
      "region": 89,
      "search_names": "boadilladelmonteautonomegemeinschaftmadridespanha boadilladelmonteautonomegemeinschaftmadridestadoespanol boadilladelmonteautonomegemeinschaftmadridhiszpania boadilladelmonteautonomegemeinschaftmadridkingdomofspain boadilladelmonteautonomegemeinschaftmadridreinodeespana boadilladelmonteautonomegemeinschaftmadridspain boadilladelmonteautonomegemeinschaftmadridspanien boadilladelmonteautonomegemeinschaftmadridspanishstate boadilladelmonteautonomeregionmadridespanha boadilladelmonteautonomeregionmadridestadoespanol boadilladelmonteautonomeregionmadridhiszpania boadilladelmonteautonomeregionmadridkingdomofspain boadilladelmonteautonomeregionmadridreinodeespana boadilladelmonteautonomeregionmadridspain boadilladelmonteautonomeregionmadridspanien boadilladelmonteautonomeregionmadridspanishstate boadilladelmonteautonomousregionofmadridespanha boadilladelmonteautonomousregionofmadridestadoespanol boadilladelmonteautonomousregionofmadridhiszpania boadilladelmonteautonomousregionofmadridkingdomofspain boadilladelmonteautonomousregionofmadridreinodeespana boadilladelmonteautonomousregionofmadridspain boadilladelmonteautonomousregionofmadridspanien boadilladelmonteautonomousregionofmadridspanishstate boadilladelmontecommunityofmadridespanha boadilladelmontecommunityofmadridestadoespanol boadilladelmontecommunityofmadridhiszpania boadilladelmontecommunityofmadridkingdomofspain boadilladelmontecommunityofmadridreinodeespana boadilladelmontecommunityofmadridspain boadilladelmontecommunityofmadridspanien boadilladelmontecommunityofmadridspanishstate boadilladelmontecomunidadautonomademadridespanha boadilladelmontecomunidadautonomademadridestadoespanol boadilladelmontecomunidadautonomademadridhiszpania boadilladelmontecomunidadautonomademadridkingdomofspain boadilladelmontecomunidadautonomademadridreinodeespana boadilladelmontecomunidadautonomademadridspain boadilladelmontecomunidadautonomademadridspanien boadilladelmontecomunidadautonomademadridspanishstate boadilladelmontecomunidaddemadridespanha boadilladelmontecomunidaddemadridestadoespanol boadilladelmontecomunidaddemadridhiszpania boadilladelmontecomunidaddemadridkingdomofspain boadilladelmontecomunidaddemadridreinodeespana boadilladelmontecomunidaddemadridspain boadilladelmontecomunidaddemadridspanien boadilladelmontecomunidaddemadridspanishstate boadilladelmonteespanha boadilladelmonteestadoespanol boadilladelmontehiszpania boadilladelmontekingdomofspain boadilladelmontemadridespanha boadilladelmontemadridestadoespanol boadilladelmontemadridhiszpania boadilladelmontemadridkingdomofspain boadilladelmontemadridreinodeespana boadilladelmontemadridspain boadilladelmontemadridspanien boadilladelmontemadridspanishstate boadilladelmonteregiondemadridespanha boadilladelmonteregiondemadridestadoespanol boadilladelmonteregiondemadridhiszpania boadilladelmonteregiondemadridkingdomofspain boadilladelmonteregiondemadridreinodeespana boadilladelmonteregiondemadridspain boadilladelmonteregiondemadridspanien boadilladelmonteregiondemadridspanishstate boadilladelmontereinodeespana boadilladelmontespain boadilladelmontespanien boadilladelmontespanishstate",
      "slug": "boadilla-del-monte",
      "status": "ACTIVE"
    },
    "model": "geo.city",
    "pk": 673
  },
  {
    "fields": {
      "alternate_names": "Arganda del Rey",
      "country": 4,
      "display_name": "Arganda, Madrid, Spain",
      "feature_code": "PPL",
      "geoname_id": 3129636,
      "latitude": "40.30076",
      "longitude": "-3.43722",
      "name": "Arganda",
      "name_ascii": "Arganda",
      "population": 51489,
      "region": 89,
      "search_names": "argandaautonomegemeinschaftmadridespanha argandaautonomegemeinschaftmadridestadoespanol argandaautonomegemeinschaftmadridhiszpania argandaautonomegemeinschaftmadridkingdomofspain argandaautonomegemeinschaftmadridreinodeespana argandaautonomegemeinschaftmadridspain argandaautonomegemeinschaftmadridspanien argandaautonomegemeinschaftmadridspanishstate argandaautonomeregionmadridespanha argandaautonomeregionmadridestadoespanol argandaautonomeregionmadridhiszpania argandaautonomeregionmadridkingdomofspain argandaautonomeregionmadridreinodeespana argandaautonomeregionmadridspain argandaautonomeregionmadridspanien argandaautonomeregionmadridspanishstate argandaautonomousregionofmadridespanha argandaautonomousregionofmadridestadoespanol argandaautonomousregionofmadridhiszpania argandaautonomousregionofmadridkingdomofspain argandaautonomousregionofmadridreinodeespana argandaautonomousregionofmadridspain argandaautonomousregionofmadridspanien argandaautonomousregionofmadridspanishstate argandacommunityofmadridespanha argandacommunityofmadridestadoespanol argandacommunityofmadridhiszpania argandacommunityofmadridkingdomofspain argandacommunityofmadridreinodeespana argandacommunityofmadridspain argandacommunityofmadridspanien argandacommunityofmadridspanishstate argandacomunidadautonomademadridespanha argandacomunidadautonomademadridestadoespanol argandacomunidadautonomademadridhiszpania argandacomunidadautonomademadridkingdomofspain argandacomunidadautonomademadridreinodeespana argandacomunidadautonomademadridspain argandacomunidadautonomademadridspanien argandacomunidadautonomademadridspanishstate argandacomunidaddemadridespanha argandacomunidaddemadridestadoespanol argandacomunidaddemadridhiszpania argandacomunidaddemadridkingdomofspain argandacomunidaddemadridreinodeespana argandacomunidaddemadridspain argandacomunidaddemadridspanien argandacomunidaddemadridspanishstate argandadelreyautonomegemeinschaftmadridespanha argandadelreyautonomegemeinschaftmadridestadoespanol argandadelreyautonomegemeinschaftmadridhiszpania argandadelreyautonomegemeinschaftmadridkingdomofspain argandadelreyautonomegemeinschaftmadridreinodeespana argandadelreyautonomegemeinschaftmadridspain argandadelreyautonomegemeinschaftmadridspanien argandadelreyautonomegemeinschaftmadridspanishstate argandadelreyautonomeregionmadridespanha argandadelreyautonomeregionmadridestadoespanol argandadelreyautonomeregionmadridhiszpania argandadelreyautonomeregionmadridkingdomofspain argandadelreyautonomeregionmadridreinodeespana argandadelreyautonomeregionmadridspain argandadelreyautonomeregionmadridspanien argandadelreyautonomeregionmadridspanishstate argandadelreyautonomousregionofmadridespanha argandadelreyautonomousregionofmadridestadoespanol argandadelreyautonomousregionofmadridhiszpania argandadelreyautonomousregionofmadridkingdomofspain argandadelreyautonomousregionofmadridreinodeespana argandadelreyautonomousregionofmadridspain argandadelreyautonomousregionofmadridspanien argandadelreyautonomousregionofmadridspanishstate argandadelreycommunityofmadridespanha argandadelreycommunityofmadridestadoespanol argandadelreycommunityofmadridhiszpania argandadelreycommunityofmadridkingdomofspain argandadelreycommunityofmadridreinodeespana argandadelreycommunityofmadridspain argandadelreycommunityofmadridspanien argandadelreycommunityofmadridspanishstate argandadelreycomunidadautonomademadridespanha argandadelreycomunidadautonomademadridestadoespanol argandadelreycomunidadautonomademadridhiszpania argandadelreycomunidadautonomademadridkingdomofspain argandadelreycomunidadautonomademadridreinodeespana argandadelreycomunidadautonomademadridspain argandadelreycomunidadautonomademadridspanien argandadelreycomunidadautonomademadridspanishstate argandadelreycomunidaddemadridespanha argandadelreycomunidaddemadridestadoespanol argandadelreycomunidaddemadridhiszpania argandadelreycomunidaddemadridkingdomofspain argandadelreycomunidaddemadridreinodeespana argandadelreycomunidaddemadridspain argandadelreycomunidaddemadridspanien argandadelreycomunidaddemadridspanishstate argandadelreyespanha argandadelreyestadoespanol argandadelreyhiszpania argandadelreykingdomofspain argandadelreymadridespanha argandadelreymadridestadoespanol argandadelreymadridhiszpania argandadelreymadridkingdomofspain argandadelreymadridreinodeespana argandadelreymadridspain argandadelreymadridspanien argandadelreymadridspanishstate argandadelreyregiondemadridespanha argandadelreyregiondemadridestadoespanol argandadelreyregiondemadridhiszpania argandadelreyregiondemadridkingdomofspain argandadelreyregiondemadridreinodeespana argandadelreyregiondemadridspain argandadelreyregiondemadridspanien argandadelreyregiondemadridspanishstate argandadelreyreinodeespana argandadelreyspain argandadelreyspanien argandadelreyspanishstate argandaespanha argandaestadoespanol argandahiszpania argandakingdomofspain argandamadridespanha argandamadridestadoespanol argandamadridhiszpania argandamadridkingdomofspain argandamadridreinodeespana argandamadridspain argandamadridspanien argandamadridspanishstate argandaregiondemadridespanha argandaregiondemadridestadoespanol argandaregiondemadridhiszpania argandaregiondemadridkingdomofspain argandaregiondemadridreinodeespana argandaregiondemadridspain argandaregiondemadridspanien argandaregiondemadridspanishstate argandareinodeespana argandaspain argandaspanien argandaspanishstate",
      "slug": "arganda",
      "status": "ACTIVE"
    },
    "model": "geo.city",
    "pk": 692
  },
  {
    "fields": {
      "alternate_names": "",
      "country": 4,
      "display_name": "Aranjuez, Madrid, Spain",
      "feature_code": "PPLA3",
      "geoname_id": 3129857,
      "latitude": "40.03108",
      "longitude": "-3.60246",
      "name": "Aranjuez",
      "name_ascii": "Aranjuez",
      "population": 54055,
      "region": 89,
      "search_names": "aranjuezautonomegemeinschaftmadridespanha aranjuezautonomegemeinschaftmadridestadoespanol aranjuezautonomegemeinschaftmadridhiszpania aranjuezautonomegemeinschaftmadridkingdomofspain aranjuezautonomegemeinschaftmadridreinodeespana aranjuezautonomegemeinschaftmadridspain aranjuezautonomegemeinschaftmadridspanien aranjuezautonomegemeinschaftmadridspanishstate aranjuezautonomeregionmadridespanha aranjuezautonomeregionmadridestadoespanol aranjuezautonomeregionmadridhiszpania aranjuezautonomeregionmadridkingdomofspain aranjuezautonomeregionmadridreinodeespana aranjuezautonomeregionmadridspain aranjuezautonomeregionmadridspanien aranjuezautonomeregionmadridspanishstate aranjuezautonomousregionofmadridespanha aranjuezautonomousregionofmadridestadoespanol aranjuezautonomousregionofmadridhiszpania aranjuezautonomousregionofmadridkingdomofspain aranjuezautonomousregionofmadridreinodeespana aranjuezautonomousregionofmadridspain aranjuezautonomousregionofmadridspanien aranjuezautonomousregionofmadridspanishstate aranjuezcommunityofmadridespanha aranjuezcommunityofmadridestadoespanol aranjuezcommunityofmadridhiszpania aranjuezcommunityofmadridkingdomofspain aranjuezcommunityofmadridreinodeespana aranjuezcommunityofmadridspain aranjuezcommunityofmadridspanien aranjuezcommunityofmadridspanishstate aranjuezcomunidadautonomademadridespanha aranjuezcomunidadautonomademadridestadoespanol aranjuezcomunidadautonomademadridhiszpania aranjuezcomunidadautonomademadridkingdomofspain aranjuezcomunidadautonomademadridreinodeespana aranjuezcomunidadautonomademadridspain aranjuezcomunidadautonomademadridspanien aranjuezcomunidadautonomademadridspanishstate aranjuezcomunidaddemadridespanha aranjuezcomunidaddemadridestadoespanol aranjuezcomunidaddemadridhiszpania aranjuezcomunidaddemadridkingdomofspain aranjuezcomunidaddemadridreinodeespana aranjuezcomunidaddemadridspain aranjuezcomunidaddemadridspanien aranjuezcomunidaddemadridspanishstate aranjuezespanha aranjuezestadoespanol aranjuezhiszpania aranjuezkingdomofspain aranjuezmadridespanha aranjuezmadridestadoespanol aranjuezmadridhiszpania aranjuezmadridkingdomofspain aranjuezmadridreinodeespana aranjuezmadridspain aranjuezmadridspanien aranjuezmadridspanishstate aranjuezregiondemadridespanha aranjuezregiondemadridestadoespanol aranjuezregiondemadridhiszpania aranjuezregiondemadridkingdomofspain aranjuezregiondemadridreinodeespana aranjuezregiondemadridspain aranjuezregiondemadridspanien aranjuezregiondemadridspanishstate aranjuezreinodeespana aranjuezspain aranjuezspanien aranjuezspanishstate",
      "slug": "aranjuez",
      "status": "ACTIVE"
    },
    "model": "geo.city",
    "pk": 694
  },
  {
    "fields": {
      "alternate_names": "",
      "country": 4,
      "display_name": "Algete, Madrid, Spain",
      "feature_code": "PPLA3",
      "geoname_id": 3130383,
      "latitude": "40.59711",
      "longitude": "-3.49743",
      "name": "Algete",
      "name_ascii": "Algete",
      "population": 20204,
      "region": 89,
      "search_names": "algeteautonomegemeinschaftmadridespanha algeteautonomegemeinschaftmadridestadoespanol algeteautonomegemeinschaftmadridhiszpania algeteautonomegemeinschaftmadridkingdomofspain algeteautonomegemeinschaftmadridreinodeespana algeteautonomegemeinschaftmadridspain algeteautonomegemeinschaftmadridspanien algeteautonomegemeinschaftmadridspanishstate algeteautonomeregionmadridespanha algeteautonomeregionmadridestadoespanol algeteautonomeregionmadridhiszpania algeteautonomeregionmadridkingdomofspain algeteautonomeregionmadridreinodeespana algeteautonomeregionmadridspain algeteautonomeregionmadridspanien algeteautonomeregionmadridspanishstate algeteautonomousregionofmadridespanha algeteautonomousregionofmadridestadoespanol algeteautonomousregionofmadridhiszpania algeteautonomousregionofmadridkingdomofspain algeteautonomousregionofmadridreinodeespana algeteautonomousregionofmadridspain algeteautonomousregionofmadridspanien algeteautonomousregionofmadridspanishstate algetecommunityofmadridespanha algetecommunityofmadridestadoespanol algetecommunityofmadridhiszpania algetecommunityofmadridkingdomofspain algetecommunityofmadridreinodeespana algetecommunityofmadridspain algetecommunityofmadridspanien algetecommunityofmadridspanishstate algetecomunidadautonomademadridespanha algetecomunidadautonomademadridestadoespanol algetecomunidadautonomademadridhiszpania algetecomunidadautonomademadridkingdomofspain algetecomunidadautonomademadridreinodeespana algetecomunidadautonomademadridspain algetecomunidadautonomademadridspanien algetecomunidadautonomademadridspanishstate algetecomunidaddemadridespanha algetecomunidaddemadridestadoespanol algetecomunidaddemadridhiszpania algetecomunidaddemadridkingdomofspain algetecomunidaddemadridreinodeespana algetecomunidaddemadridspain algetecomunidaddemadridspanien algetecomunidaddemadridspanishstate algeteespanha algeteestadoespanol algetehiszpania algetekingdomofspain algetemadridespanha algetemadridestadoespanol algetemadridhiszpania algetemadridkingdomofspain algetemadridreinodeespana algetemadridspain algetemadridspanien algetemadridspanishstate algeteregiondemadridespanha algeteregiondemadridestadoespanol algeteregiondemadridhiszpania algeteregiondemadridkingdomofspain algeteregiondemadridreinodeespana algeteregiondemadridspain algeteregiondemadridspanien algeteregiondemadridspanishstate algetereinodeespana algetespain algetespanien algetespanishstate",
      "slug": "algete",
      "status": "ACTIVE"
    },
    "model": "geo.city",
    "pk": 699
  },
  {
    "fields": {
      "alternate_names": "",
      "country": 4,
      "display_name": "Alcorcón, Madrid, Spain",
      "feature_code": "PPLA3",
      "geoname_id": 3130564,
      "latitude": "40.34582",
      "longitude": "-3.82487",
      "name": "Alcorcón",
      "name_ascii": "Alcorcon",
      "population": 167967,
      "region": 89,
      "search_names": "alcorconautonomegemeinschaftmadridespanha alcorconautonomegemeinschaftmadridestadoespanol alcorconautonomegemeinschaftmadridhiszpania alcorconautonomegemeinschaftmadridkingdomofspain alcorconautonomegemeinschaftmadridreinodeespana alcorconautonomegemeinschaftmadridspain alcorconautonomegemeinschaftmadridspanien alcorconautonomegemeinschaftmadridspanishstate alcorconautonomeregionmadridespanha alcorconautonomeregionmadridestadoespanol alcorconautonomeregionmadridhiszpania alcorconautonomeregionmadridkingdomofspain alcorconautonomeregionmadridreinodeespana alcorconautonomeregionmadridspain alcorconautonomeregionmadridspanien alcorconautonomeregionmadridspanishstate alcorconautonomousregionofmadridespanha alcorconautonomousregionofmadridestadoespanol alcorconautonomousregionofmadridhiszpania alcorconautonomousregionofmadridkingdomofspain alcorconautonomousregionofmadridreinodeespana alcorconautonomousregionofmadridspain alcorconautonomousregionofmadridspanien alcorconautonomousregionofmadridspanishstate alcorconcommunityofmadridespanha alcorconcommunityofmadridestadoespanol alcorconcommunityofmadridhiszpania alcorconcommunityofmadridkingdomofspain alcorconcommunityofmadridreinodeespana alcorconcommunityofmadridspain alcorconcommunityofmadridspanien alcorconcommunityofmadridspanishstate alcorconcomunidadautonomademadridespanha alcorconcomunidadautonomademadridestadoespanol alcorconcomunidadautonomademadridhiszpania alcorconcomunidadautonomademadridkingdomofspain alcorconcomunidadautonomademadridreinodeespana alcorconcomunidadautonomademadridspain alcorconcomunidadautonomademadridspanien alcorconcomunidadautonomademadridspanishstate alcorconcomunidaddemadridespanha alcorconcomunidaddemadridestadoespanol alcorconcomunidaddemadridhiszpania alcorconcomunidaddemadridkingdomofspain alcorconcomunidaddemadridreinodeespana alcorconcomunidaddemadridspain alcorconcomunidaddemadridspanien alcorconcomunidaddemadridspanishstate alcorconespanha alcorconestadoespanol alcorconhiszpania alcorconkingdomofspain alcorconmadridespanha alcorconmadridestadoespanol alcorconmadridhiszpania alcorconmadridkingdomofspain alcorconmadridreinodeespana alcorconmadridspain alcorconmadridspanien alcorconmadridspanishstate alcorconregiondemadridespanha alcorconregiondemadridestadoespanol alcorconregiondemadridhiszpania alcorconregiondemadridkingdomofspain alcorconregiondemadridreinodeespana alcorconregiondemadridspain alcorconregiondemadridspanien alcorconregiondemadridspanishstate alcorconreinodeespana alcorconspain alcorconspanien alcorconspanishstate",
      "slug": "alcorcon",
      "status": "ACTIVE"
    },
    "model": "geo.city",
    "pk": 700
  },
  {
    "fields": {
      "alternate_names": "",
      "country": 4,
      "display_name": "Alcobendas, Madrid, Spain",
      "feature_code": "PPLA3",
      "geoname_id": 3130583,
      "latitude": "40.54746",
      "longitude": "-3.64197",
      "name": "Alcobendas",
      "name_ascii": "Alcobendas",
      "population": 107514,
      "region": 89,
      "search_names": "alcobendasautonomegemeinschaftmadridespanha alcobendasautonomegemeinschaftmadridestadoespanol alcobendasautonomegemeinschaftmadridhiszpania alcobendasautonomegemeinschaftmadridkingdomofspain alcobendasautonomegemeinschaftmadridreinodeespana alcobendasautonomegemeinschaftmadridspain alcobendasautonomegemeinschaftmadridspanien alcobendasautonomegemeinschaftmadridspanishstate alcobendasautonomeregionmadridespanha alcobendasautonomeregionmadridestadoespanol alcobendasautonomeregionmadridhiszpania alcobendasautonomeregionmadridkingdomofspain alcobendasautonomeregionmadridreinodeespana alcobendasautonomeregionmadridspain alcobendasautonomeregionmadridspanien alcobendasautonomeregionmadridspanishstate alcobendasautonomousregionofmadridespanha alcobendasautonomousregionofmadridestadoespanol alcobendasautonomousregionofmadridhiszpania alcobendasautonomousregionofmadridkingdomofspain alcobendasautonomousregionofmadridreinodeespana alcobendasautonomousregionofmadridspain alcobendasautonomousregionofmadridspanien alcobendasautonomousregionofmadridspanishstate alcobendascommunityofmadridespanha alcobendascommunityofmadridestadoespanol alcobendascommunityofmadridhiszpania alcobendascommunityofmadridkingdomofspain alcobendascommunityofmadridreinodeespana alcobendascommunityofmadridspain alcobendascommunityofmadridspanien alcobendascommunityofmadridspanishstate alcobendascomunidadautonomademadridespanha alcobendascomunidadautonomademadridestadoespanol alcobendascomunidadautonomademadridhiszpania alcobendascomunidadautonomademadridkingdomofspain alcobendascomunidadautonomademadridreinodeespana alcobendascomunidadautonomademadridspain alcobendascomunidadautonomademadridspanien alcobendascomunidadautonomademadridspanishstate alcobendascomunidaddemadridespanha alcobendascomunidaddemadridestadoespanol alcobendascomunidaddemadridhiszpania alcobendascomunidaddemadridkingdomofspain alcobendascomunidaddemadridreinodeespana alcobendascomunidaddemadridspain alcobendascomunidaddemadridspanien alcobendascomunidaddemadridspanishstate alcobendasespanha alcobendasestadoespanol alcobendashiszpania alcobendaskingdomofspain alcobendasmadridespanha alcobendasmadridestadoespanol alcobendasmadridhiszpania alcobendasmadridkingdomofspain alcobendasmadridreinodeespana alcobendasmadridspain alcobendasmadridspanien alcobendasmadridspanishstate alcobendasregiondemadridespanha alcobendasregiondemadridestadoespanol alcobendasregiondemadridhiszpania alcobendasregiondemadridkingdomofspain alcobendasregiondemadridreinodeespana alcobendasregiondemadridspain alcobendasregiondemadridspanien alcobendasregiondemadridspanishstate alcobendasreinodeespana alcobendasspain alcobendasspanien alcobendasspanishstate",
      "slug": "alcobendas",
      "status": "ACTIVE"
    },
    "model": "geo.city",
    "pk": 701
  },
  {
    "fields": {
      "alternate_names": "Cómpluto",
      "country": 4,
      "display_name": "Alcalá de Henares, Madrid, Spain",
      "feature_code": "PPLA3",
      "geoname_id": 3130616,
      "latitude": "40.48205",
      "longitude": "-3.35996",
      "name": "Alcalá de Henares",
      "name_ascii": "Alcala de Henares",
      "population": 204574,
      "region": 89,
      "search_names": "alcaladehenaresautonomegemeinschaftmadridespanha alcaladehenaresautonomegemeinschaftmadridestadoespanol alcaladehenaresautonomegemeinschaftmadridhiszpania alcaladehenaresautonomegemeinschaftmadridkingdomofspain alcaladehenaresautonomegemeinschaftmadridreinodeespana alcaladehenaresautonomegemeinschaftmadridspain alcaladehenaresautonomegemeinschaftmadridspanien alcaladehenaresautonomegemeinschaftmadridspanishstate alcaladehenaresautonomeregionmadridespanha alcaladehenaresautonomeregionmadridestadoespanol alcaladehenaresautonomeregionmadridhiszpania alcaladehenaresautonomeregionmadridkingdomofspain alcaladehenaresautonomeregionmadridreinodeespana alcaladehenaresautonomeregionmadridspain alcaladehenaresautonomeregionmadridspanien alcaladehenaresautonomeregionmadridspanishstate alcaladehenaresautonomousregionofmadridespanha alcaladehenaresautonomousregionofmadridestadoespanol alcaladehenaresautonomousregionofmadridhiszpania alcaladehenaresautonomousregionofmadridkingdomofspain alcaladehenaresautonomousregionofmadridreinodeespana alcaladehenaresautonomousregionofmadridspain alcaladehenaresautonomousregionofmadridspanien alcaladehenaresautonomousregionofmadridspanishstate alcaladehenarescommunityofmadridespanha alcaladehenarescommunityofmadridestadoespanol alcaladehenarescommunityofmadridhiszpania alcaladehenarescommunityofmadridkingdomofspain alcaladehenarescommunityofmadridreinodeespana alcaladehenarescommunityofmadridspain alcaladehenarescommunityofmadridspanien alcaladehenarescommunityofmadridspanishstate alcaladehenarescomunidadautonomademadridespanha alcaladehenarescomunidadautonomademadridestadoespanol alcaladehenarescomunidadautonomademadridhiszpania alcaladehenarescomunidadautonomademadridkingdomofspain alcaladehenarescomunidadautonomademadridreinodeespana alcaladehenarescomunidadautonomademadridspain alcaladehenarescomunidadautonomademadridspanien alcaladehenarescomunidadautonomademadridspanishstate alcaladehenarescomunidaddemadridespanha alcaladehenarescomunidaddemadridestadoespanol alcaladehenarescomunidaddemadridhiszpania alcaladehenarescomunidaddemadridkingdomofspain alcaladehenarescomunidaddemadridreinodeespana alcaladehenarescomunidaddemadridspain alcaladehenarescomunidaddemadridspanien alcaladehenarescomunidaddemadridspanishstate alcaladehenaresespanha alcaladehenaresestadoespanol alcaladehenareshiszpania alcaladehenareskingdomofspain alcaladehenaresmadridespanha alcaladehenaresmadridestadoespanol alcaladehenaresmadridhiszpania alcaladehenaresmadridkingdomofspain alcaladehenaresmadridreinodeespana alcaladehenaresmadridspain alcaladehenaresmadridspanien alcaladehenaresmadridspanishstate alcaladehenaresregiondemadridespanha alcaladehenaresregiondemadridestadoespanol alcaladehenaresregiondemadridhiszpania alcaladehenaresregiondemadridkingdomofspain alcaladehenaresregiondemadridreinodeespana alcaladehenaresregiondemadridspain alcaladehenaresregiondemadridspanien alcaladehenaresregiondemadridspanishstate alcaladehenaresreinodeespana alcaladehenaresspain alcaladehenaresspanien alcaladehenaresspanishstate complutoautonomegemeinschaftmadridespanha complutoautonomegemeinschaftmadridestadoespanol complutoautonomegemeinschaftmadridhiszpania complutoautonomegemeinschaftmadridkingdomofspain complutoautonomegemeinschaftmadridreinodeespana complutoautonomegemeinschaftmadridspain complutoautonomegemeinschaftmadridspanien complutoautonomegemeinschaftmadridspanishstate complutoautonomeregionmadridespanha complutoautonomeregionmadridestadoespanol complutoautonomeregionmadridhiszpania complutoautonomeregionmadridkingdomofspain complutoautonomeregionmadridreinodeespana complutoautonomeregionmadridspain complutoautonomeregionmadridspanien complutoautonomeregionmadridspanishstate complutoautonomousregionofmadridespanha complutoautonomousregionofmadridestadoespanol complutoautonomousregionofmadridhiszpania complutoautonomousregionofmadridkingdomofspain complutoautonomousregionofmadridreinodeespana complutoautonomousregionofmadridspain complutoautonomousregionofmadridspanien complutoautonomousregionofmadridspanishstate complutocommunityofmadridespanha complutocommunityofmadridestadoespanol complutocommunityofmadridhiszpania complutocommunityofmadridkingdomofspain complutocommunityofmadridreinodeespana complutocommunityofmadridspain complutocommunityofmadridspanien complutocommunityofmadridspanishstate complutocomunidadautonomademadridespanha complutocomunidadautonomademadridestadoespanol complutocomunidadautonomademadridhiszpania complutocomunidadautonomademadridkingdomofspain complutocomunidadautonomademadridreinodeespana complutocomunidadautonomademadridspain complutocomunidadautonomademadridspanien complutocomunidadautonomademadridspanishstate complutocomunidaddemadridespanha complutocomunidaddemadridestadoespanol complutocomunidaddemadridhiszpania complutocomunidaddemadridkingdomofspain complutocomunidaddemadridreinodeespana complutocomunidaddemadridspain complutocomunidaddemadridspanien complutocomunidaddemadridspanishstate complutoespanha complutoestadoespanol complutohiszpania complutokingdomofspain complutomadridespanha complutomadridestadoespanol complutomadridhiszpania complutomadridkingdomofspain complutomadridreinodeespana complutomadridspain complutomadridspanien complutomadridspanishstate complutoregiondemadridespanha complutoregiondemadridestadoespanol complutoregiondemadridhiszpania complutoregiondemadridkingdomofspain complutoregiondemadridreinodeespana complutoregiondemadridspain complutoregiondemadridspanien complutoregiondemadridspanishstate complutoreinodeespana complutospain complutospanien complutospanishstate",
      "slug": "alcala-de-henares",
      "status": "ACTIVE"
    },
    "model": "geo.city",
    "pk": 703
  },
  {
    "fields": {
      "alternate_names": "Três Cantos",
      "country": 4,
      "display_name": "Tres Cantos, Madrid, Spain",
      "feature_code": "PPLA3",
      "geoname_id": 7577022,
      "latitude": "40.60092",
      "longitude": "-3.70806",
      "name": "Tres Cantos",
      "name_ascii": "Tres Cantos",
      "population": 41896,
      "region": 89,
      "search_names": "trescantosautonomegemeinschaftmadridespanha trescantosautonomegemeinschaftmadridestadoespanol trescantosautonomegemeinschaftmadridhiszpania trescantosautonomegemeinschaftmadridkingdomofspain trescantosautonomegemeinschaftmadridreinodeespana trescantosautonomegemeinschaftmadridspain trescantosautonomegemeinschaftmadridspanien trescantosautonomegemeinschaftmadridspanishstate trescantosautonomeregionmadridespanha trescantosautonomeregionmadridestadoespanol trescantosautonomeregionmadridhiszpania trescantosautonomeregionmadridkingdomofspain trescantosautonomeregionmadridreinodeespana trescantosautonomeregionmadridspain trescantosautonomeregionmadridspanien trescantosautonomeregionmadridspanishstate trescantosautonomousregionofmadridespanha trescantosautonomousregionofmadridestadoespanol trescantosautonomousregionofmadridhiszpania trescantosautonomousregionofmadridkingdomofspain trescantosautonomousregionofmadridreinodeespana trescantosautonomousregionofmadridspain trescantosautonomousregionofmadridspanien trescantosautonomousregionofmadridspanishstate trescantoscommunityofmadridespanha trescantoscommunityofmadridestadoespanol trescantoscommunityofmadridhiszpania trescantoscommunityofmadridkingdomofspain trescantoscommunityofmadridreinodeespana trescantoscommunityofmadridspain trescantoscommunityofmadridspanien trescantoscommunityofmadridspanishstate trescantoscomunidadautonomademadridespanha trescantoscomunidadautonomademadridestadoespanol trescantoscomunidadautonomademadridhiszpania trescantoscomunidadautonomademadridkingdomofspain trescantoscomunidadautonomademadridreinodeespana trescantoscomunidadautonomademadridspain trescantoscomunidadautonomademadridspanien trescantoscomunidadautonomademadridspanishstate trescantoscomunidaddemadridespanha trescantoscomunidaddemadridestadoespanol trescantoscomunidaddemadridhiszpania trescantoscomunidaddemadridkingdomofspain trescantoscomunidaddemadridreinodeespana trescantoscomunidaddemadridspain trescantoscomunidaddemadridspanien trescantoscomunidaddemadridspanishstate trescantosespanha trescantosestadoespanol trescantoshiszpania trescantoskingdomofspain trescantosmadridespanha trescantosmadridestadoespanol trescantosmadridhiszpania trescantosmadridkingdomofspain trescantosmadridreinodeespana trescantosmadridspain trescantosmadridspanien trescantosmadridspanishstate trescantosregiondemadridespanha trescantosregiondemadridestadoespanol trescantosregiondemadridhiszpania trescantosregiondemadridkingdomofspain trescantosregiondemadridreinodeespana trescantosregiondemadridspain trescantosregiondemadridspanien trescantosregiondemadridspanishstate trescantosreinodeespana trescantosspain trescantosspanien trescantosspanishstate",
      "slug": "tres-cantos",
      "status": "ACTIVE"
    },
    "model": "geo.city",
    "pk": 715
  },
  {
    "fields": {
      "city": 598,
      "name": "Aurora Madrid",
      "status": "ACTIVE",
      "zip_codes": "[\"28039 28029\"]"
    },
    "model": "geo.workzone",
    "pk": 1
  },
  {
    "fields": {
      "city": 626,
      "name": "Aurora Getafe",
      "status": "ACTIVE",
      "zip_codes": "[\"28901\"]"
    },
    "model": "geo.workzone",
    "pk": 2
  },
  {
    "fields": {
      "image": null,
      "name": "Mechas",
      "status": "ACT"
    },
    "model": "services.category",
    "pk": 1
  },
  {
    "fields": {
      "image": null,
      "name": "Tinte",
      "status": "ACT"
    },
    "model": "services.category",
    "pk": 2
  },
  {
    "fields": {
      "image": null,
      "name": "Mechas",
      "status": "ACT"
    },
    "model": "services.category",
    "pk": 3
  },
  {
    "fields": {
      "category": 1,
      "description": "Mechas en España",
      "image": null,
      "name": "Mechas",
      "status": "ACT",
      "type": "PUB"
    },
    "model": "services.service",
    "pk": 1
  },
  {
    "fields": {
      "category": 3,
      "description": "Mechas en Suiza",
      "image": null,
      "name": "Mechas",
      "status": "ACT",
      "type": "PUB"
    },
    "model": "services.service",
    "pk": 2
  },
  {
    "fields": {
      "category": 2,
      "description": "Tinte en España",
      "image": null,
      "name": "Tinte",
      "status": "ACT",
      "type": "PUB"
    },
    "model": "services.service",
    "pk": 3
  },
  {
    "fields": {
      "date_joined": "2017-11-07T09:37:33Z",
      "email": "aurora@kasfactory.net",
      "first_name": "Aurora",
      "groups": [],
      "is_active": true,
      "is_staff": true,
      "is_superuser": true,
      "last_login": "2017-11-13T10:49:07.039Z",
      "last_name": "Barrios",
      "password": "pbkdf2_sha256$36000$rQ113lA6X0Iy$DE/xUI3dMwGdfvlZRDRUu5FjjWHYhNi5eGKj7gQUEm0=",
      "user_permissions": [],
      "username": "aurora"
    },
    "model": "auth.user",
    "pk": 1
  },
  {
    "fields": {
      "date_joined": "2017-11-07T09:37:33Z",
      "email": "prueba@kasfactory.net",
      "first_name": "Nombre",
      "groups": [],
      "is_active": true,
      "is_staff": true,
      "is_superuser": true,
      "last_login": "2017-11-13T10:49:07.039Z",
      "last_name": "Apellidos",
      "password": "pbkdf2_sha256$36000$rQ113lA6X0Iy$DE/xUI3dMwGdfvlZRDRUu5FjjWHYhNi5eGKj7gQUEm0=",
      "user_permissions": [],
      "username": "prueba"
    },
    "model": "auth.user",
    "pk": 2
  },
  {
    "fields": {
      "email": "aurora@kasfactory.net",
      "primary": true,
      "user": 1,
      "verified": true
    },
    "model": "account.emailaddress",
    "pk": 1
  },
  {
    "fields": {
      "email": "prueba@kasfactory.net",
      "primary": true,
      "user": 2,
      "verified": true
    },
    "model": "account.emailaddress",
    "pk": 2
  },
  {
    "fields": {
      "documents": "[]",
      "iban_bank_account": "ES5221003179712200170953",
      "phone": "+34661661661",
      "picture": null,
      "swift_bank_account": null,
      "type": "PRO",
      "user": 1,
      "city": [598]
    },
    "model": "profiles.profile",
    "pk": 1
  },
  {
    "fields": {
      "documents": "[]",
      "iban_bank_account": "ES5221003179712200170953",
      "phone": "+34661661661",
      "picture": null,
      "swift_bank_account": null,
      "type": "FIN",
      "city": null,
      "user": 2
    },
    "model": "profiles.profile",
    "pk": 2
  },
  {
    "fields": {
      "user": 1,
      "work_zone": 1
    },
    "model": "profiles.userworkzone",
    "pk": 2
  },
  {
    "fields": {
      "user": 1,
      "service": 1
    },
    "model": "services.userservice",
    "pk": 1
  },
  {
    "fields": {
      "user": 1,
      "service": 1
    },
    "model": "services.userservice",
    "pk": 3
  }
]